inspection_id,development_id,development_name,address,city,cbsa_name,cbsa_code,county_name,county_code,state_name,state_code,zipcode,latitude,longitude,location_quality,pha_code,pha_name,inspection_score,inspection_date,inspection_protocol,raw_score,pass,h_s_score,smoke_detectors
608636,NY005000020,WILLIAMSBURG,199 Ten Eyck St,Brooklyn,"New York-Newark-Jersey City, NY-NJ Metropolitan Statistical Area",35620,Kings,47,NY,36,11206,40.7093,-73.9366,B,NY005,New York City Housing Authority,58,2017-09-18T00:00:00Z,UPCS,58,FALSE,,No
INSP-08173,NY005000040,RED HOOK I (EAST),624 Clinton St,Brooklyn,"New York-Newark-Jersey City, NY-NJ Metropolitan Statistical Area",35620,Kings,47,NY,36,11231,40.673897,-74.002494,R,NY005,New York City Housing Authority,47,2024-04-02T00:00:00Z,NSPIRE,47,FALSE,,No
INSP-08174,NY005000050,QUEENSBRIDGE,4109 12th St,Queens,"New York-Newark-Jersey City, NY-NJ Metropolitan Statistical Area",35620,Queens,81,NY,36,11101,40.754598,-73.94397,R,NY005,New York City Housing Authority,59,2024-04-22T00:00:00Z,NSPIRE,59,FALSE,,No
INSP-14973,NY005000140,INGERSOLL,46 Saint Edwards St,Brooklyn,"New York-Newark-Jersey City, NY-NJ Metropolitan Statistical Area",35620,Kings,47,NY,36,11205,40.695468,-73.978413,R,NY005,New York City Housing Authority,57,2024-04-29T00:00:00Z,NSPIRE,57,FALSE,,No
INSP-08175,NY005000160,BROWNSVILLE,275 Blake Ave,Brooklyn,"New York-Newark-Jersey City, NY-NJ Metropolitan Statistical Area",35620,Kings,47,NY,36,11212,40.665788,-73.909739,R,NY005,New York City Housing Authority,59,2024-04-16T00:00:00Z,NSPIRE,59,FALSE,,No
INSP-14734,NY005000170,J.W. JOHNSON,1839 Lexington Ave,New York,"New York-Newark-Jersey City, NY-NJ Metropolitan Statistical Area",35620,New York,61,NY,36,10029,40.796973,-73.942575,R,NY005,New York City Housing Authority,80,2024-04-24T00:00:00Z,NSPIRE,80,TRUE,,No
INSP-08176,NY005000200,LINCOLN,60 E 135th St,New York,"New York-Newark-Jersey City, NY-NJ Metropolitan Statistical Area",35620,New York,61,NY,36,10037,40.811686,-73.935791,R,NY005,New York City Housing Authority,36,2024-09-23T00:00:00Z,NSPIRE,36,FALSE,,No
INSP-08177,NY005000210,MARCY,542 Marcy Ave,Brooklyn,"New York-Newark-Jersey City, NY-NJ Metropolitan Statistical Area",35620,Kings,47,NY,36,11206,40.696535,-73.949653,R,NY005,New York City Housing Authority,52,2024-04-08T00:00:00Z,NSPIRE,52,FALSE,,No
INSP-08178,NY005000230,WALD,30 Avenue D,New York,"New York-Newark-Jersey City, NY-NJ Metropolitan Statistical Area",35620,New York,61,NY,36,10009,40.720894,-73.977824,R,NY005,New York City Housing Authority,88,2024-02-21T00:00:00Z,NSPIRE,88,TRUE,,No
INSP-35246,NY005000240,LESTER W. PATTERSON,281 E 143rd St,Bronx,"New York-Newark-Jersey City, NY-NJ Metropolitan Statistical Area",35620,Bronx,5,NY,36,10451,40.814854,-73.924327,R,NY005,New York City Housing Authority,70,2025-06-02T00:00:00Z,NSPIRE,70,TRUE,,No
INSP-08180,NY005000250,GOWANUS,417 Baltic St,Brooklyn,"New York-Newark-Jersey City, NY-NJ Metropolitan Statistical Area",35620,Kings,47,NY,36,11217,40.683827,-73.988584,R,NY005,New York City Housing Authority,86,2024-01-29T00:00:00Z,NSPIRE,86,TRUE,,No
INSP-08181,NY005000260,ASTORIA,320 27th Ave,Queens,"New York-Newark-Jersey City, NY-NJ Metropolitan Statistical Area",35620,Queens,81,NY,36,11102,40.774698,-73.933901,R,NY005,New York City Housing Authority,78,2024-09-18T00:00:00Z,NSPIRE,78,TRUE,,No
INSP-08182,NY005000270,GOVERNOR SMITH,20 Catherine Slip,New York,"New York-Newark-Jersey City, NY-NJ Metropolitan Statistical Area",35620,New York,61,NY,36,10038,40.709591,-73.996331,R,NY005,New York City Housing Authority,47,2024-05-06T00:00:00Z,NSPIRE,47,FALSE,,No
INSP-14744,NY005000290,FARRAGUT,237 Nassau St,Brooklyn,"New York-Newark-Jersey City, NY-NJ Metropolitan Statistical Area",35620,Kings,47,NY,36,11201,40.698451,-73.981113,R,NY005,New York City Housing Authority,59,2024-03-27T00:00:00Z,NSPIRE,59,FALSE,,No
INSP-14746,NY005000330,WOODSIDE,5030 Broadway,Queens,"New York-Newark-Jersey City, NY-NJ Metropolitan Statistical Area",35620,Queens,81,NY,36,11377,40.754537,-73.909973,R,NY005,New York City Housing Authority,90,2024-04-22T00:00:00Z,NSPIRE,90,TRUE,,No
INSP-15002,NY005000370,RALPH J. RANGEL,159-44 Harlem River Dr,New York,"New York-Newark-Jersey City, NY-NJ Metropolitan Statistical Area",35620,New York,61,NY,36,10039,40.833062,-73.935467,4,NY005,New York City Housing Authority,22,2024-07-25T00:00:00Z,NSPIRE,22,FALSE,,No
INSP-08189,NY005000380,ST NICHOLAS,230 W 129th St,New York,"New York-Newark-Jersey City, NY-NJ Metropolitan Statistical Area",35620,New York,61,NY,36,10027,40.812235,-73.947697,R,NY005,New York City Housing Authority,59,2024-10-31T00:00:00Z,NSPIRE,59,FALSE,,No
718193,NY005000410,DYCKMAN,3716 10th Ave,New York,"New York-Newark-Jersey City, NY-NJ Metropolitan Statistical Area",35620,New York,61,NY,36,10034,40.85966,-73.922692,R,NY005,New York City Housing Authority,19,2023-02-27T00:00:00Z,UPCS,19,FALSE,,No
INSP-08190,NY005000440,GLENWOOD,937 E 56th St,Brooklyn,"New York-Newark-Jersey City, NY-NJ Metropolitan Statistical Area",35620,Kings,47,NY,36,11234,40.633565,-73.922408,R,NY005,New York City Housing Authority,89,2024-01-31T00:00:00Z,NSPIRE,89,TRUE,,No
INSP-23639,NY005000480,RAVENSWOOD,3550 21st St,Queens,"New York-Newark-Jersey City, NY-NJ Metropolitan Statistical Area",35620,Queens,81,NY,36,11106,40.760422,-73.936545,R,NY005,New York City Housing Authority,91,2024-09-26T00:00:00Z,NSPIRE,91,TRUE,,No
INSP-08184,NY005000520,GEN. CHARLES W. BERRY,1754 Richmond Rd,Staten Island,"New York-Newark-Jersey City, NY-NJ Metropolitan Statistical Area",35620,Richmond,85,NY,36,10306,40.587403,-74.103297,R,NY005,New York City Housing Authority,84,2024-05-21T00:00:00Z,NSPIRE,84,TRUE,,No
INSP-08185,NY005000530,POMONOK,7040 Parsons Blvd,Queens,"New York-Newark-Jersey City, NY-NJ Metropolitan Statistical Area",35620,Queens,81,NY,36,11365,40.731058,-73.811132,R,NY005,New York City Housing Authority,81,2024-09-25T00:00:00Z,NSPIRE,81,TRUE,,No
INSP-14956,NY005000550,REDFERN,1302 Redfern Ave,Queens,"New York-Newark-Jersey City, NY-NJ Metropolitan Statistical Area",35620,Queens,81,NY,36,11691,40.611649,-73.747631,R,NY005,New York City Housing Authority,86,2024-04-08T00:00:00Z,NSPIRE,86,TRUE,,No
INSP-23593,NY005000560,BREUKELEN,757 E 103rd St,Brooklyn,"New York-Newark-Jersey City, NY-NJ Metropolitan Statistical Area",35620,Kings,47,NY,36,11236,40.648709,-73.898267,R,NY005,New York City Housing Authority,59,2024-09-18T00:00:00Z,NSPIRE,59,FALSE,,No
718211,NY005000570,EDENWALD,1173 229TH DRIVE NORTH,Bronx,"New York-Newark-Jersey City, NY-NJ Metropolitan Statistical Area",35620,Bronx,5,NY,36,10466,40.886532,-73.843184,R,NY005,New York City Housing Authority,17,2023-01-20T00:00:00Z,UPCS,17,FALSE,,No
INSP-14735,NY005000580,CARVER,65 E 99th St,New York,"New York-Newark-Jersey City, NY-NJ Metropolitan Statistical Area",35620,New York,61,NY,36,10029,40.789031,-73.951933,R,NY005,New York City Housing Authority,84,2024-07-30T00:00:00Z,NSPIRE,84,TRUE,,No
INSP-08187,NY005000590,FOREST,750 E 163rd St,Bronx,"New York-Newark-Jersey City, NY-NJ Metropolitan Statistical Area",35620,Bronx,5,NY,36,10456,40.82281,-73.904257,R,NY005,New York City Housing Authority,31,2024-09-26T00:00:00Z,NSPIRE,31,FALSE,,No
INSP-08188,NY005000610,VAN DYKE I,414 Sutter Ave,Brooklyn,"New York-Newark-Jersey City, NY-NJ Metropolitan Statistical Area",35620,Kings,47,NY,36,11212,40.667951,-73.903626,R,NY005,New York City Housing Authority,59,2024-02-02T00:00:00Z,NSPIRE,59,FALSE,,No
INSP-14982,NY005000650,BREVOORT,1865 Fulton St,Brooklyn,"New York-Newark-Jersey City, NY-NJ Metropolitan Statistical Area",35620,Kings,47,NY,36,11233,40.679127,-73.923287,R,NY005,New York City Housing Authority,59,2024-06-17T00:00:00Z,NSPIRE,59,FALSE,,No
INSP-08193,NY005000690,COOPER PARK,401 Morgan Ave,Brooklyn,"New York-Newark-Jersey City, NY-NJ Metropolitan Statistical Area",35620,Kings,47,NY,36,11211,40.717833,-73.937061,R,NY005,New York City Housing Authority,83,2024-02-06T00:00:00Z,NSPIRE,83,TRUE,,No
INSP-08194,NY005000710,SOUNDVIEW,1704 Seward Ave,Bronx,"New York-Newark-Jersey City, NY-NJ Metropolitan Statistical Area",35620,Bronx,5,NY,36,10473,40.818374,-73.867733,R,NY005,New York City Housing Authority,82,2024-02-14T00:00:00Z,NSPIRE,82,TRUE,,No
INSP-14948,NY005000720,HOWARD,275 Livonia Ave,Brooklyn,"New York-Newark-Jersey City, NY-NJ Metropolitan Statistical Area",35620,Kings,47,NY,36,11212,40.663059,-73.906641,R,NY005,New York City Housing Authority,65,2024-03-25T00:00:00Z,NSPIRE,65,TRUE,,No
INSP-08198,NY005000770,MARINERS HARBOR,20 Roxbury St,Staten Island,"New York-Newark-Jersey City, NY-NJ Metropolitan Statistical Area",35620,Richmond,85,NY,36,10303,40.633339,-74.162695,R,NY005,New York City Housing Authority,80,2024-09-24T00:00:00Z,NSPIRE,80,TRUE,,No
INSP-08199,NY005000780,HIGHBRIDGE GARDENS,1075 University Ave,Bronx,"New York-Newark-Jersey City, NY-NJ Metropolitan Statistical Area",35620,Bronx,5,NY,36,10452,40.835522,-73.929547,R,NY005,New York City Housing Authority,43,2024-03-19T00:00:00Z,NSPIRE,43,FALSE,,No
INSP-08200,NY005000790,RED HOOK II,82 Dwight St,Brooklyn,"New York-Newark-Jersey City, NY-NJ Metropolitan Statistical Area",35620,Kings,47,NY,36,11231,40.67629,-74.009021,R,NY005,New York City Housing Authority,54,2024-03-29T00:00:00Z,NSPIRE,54,FALSE,,No
INSP-14946,NY005000870,GENERAL GRANT,3170 Broadway,New York,"New York-Newark-Jersey City, NY-NJ Metropolitan Statistical Area",35620,New York,61,NY,36,10027,40.814935,-73.958458,R,NY005,New York City Housing Authority,59,2024-08-08T00:00:00Z,NSPIRE,59,FALSE,,No
INSP-23595,NY005000880,JAMES MONROE,1785 Story Ave,Bronx,"New York-Newark-Jersey City, NY-NJ Metropolitan Statistical Area",35620,Bronx,5,NY,36,10473,40.823543,-73.864983,R,NY005,New York City Housing Authority,33,2024-09-27T00:00:00Z,NSPIRE,33,FALSE,,No
INSP-14985,NY005000890,LOUIS HEATON PINK,1209 Loring Ave,Brooklyn,"New York-Newark-Jersey City, NY-NJ Metropolitan Statistical Area",35620,Kings,47,NY,36,11208,40.667158,-73.867913,R,NY005,New York City Housing Authority,35,2024-04-22T00:00:00Z,NSPIRE,35,FALSE,,No
INSP-20931,NY005001010,HERBERT H. LEHMAN VILLAGE,80 E 110th St,New York,"New York-Newark-Jersey City, NY-NJ Metropolitan Statistical Area",35620,New York,61,NY,36,10029,40.796201,-73.94735,R,NY005,New York City Housing Authority,85,2024-11-01T00:00:00Z,NSPIRE,85,TRUE,,No
INSP-08202,NY005001130,BUTLER,1348 Webster Ave,Bronx,"New York-Newark-Jersey City, NY-NJ Metropolitan Statistical Area",35620,Bronx,5,NY,36,10456,40.8351,-73.90775,R,NY005,New York City Housing Authority,58,2024-03-20T00:00:00Z,NSPIRE,58,FALSE,,No
INSP-08203,NY005001180,JOHN ADAMS,680 Tinton Ave,Bronx,"New York-Newark-Jersey City, NY-NJ Metropolitan Statistical Area",35620,Bronx,5,NY,36,10455,40.816134,-73.904941,R,NY005,New York City Housing Authority,59,2024-02-28T00:00:00Z,NSPIRE,59,FALSE,,No
734778,NY005001210,MOTT HAVEN,383 E 141st St Apt,Bronx,"New York-Newark-Jersey City, NY-NJ Metropolitan Statistical Area",35620,Bronx,5,NY,36,10454,40.811492,-73.922501,4,NY005,New York City Housing Authority,32,2023-06-21T00:00:00Z,UPCS,32,FALSE,,No
INSP-14975,NY005001220,LAFAYETTE,433 Lafayette Ave Apt,Brooklyn,"New York-Newark-Jersey City, NY-NJ Metropolitan Statistical Area",35620,Kings,47,NY,36,11238,40.689298,-73.956518,4,NY005,New York City Housing Authority,62,2024-05-30T00:00:00Z,NSPIRE,62,TRUE,,No
INSP-08205,NY005001230,DE WITT CLINTON,1760 Lexington Ave,New York,"New York-Newark-Jersey City, NY-NJ Metropolitan Statistical Area",35620,New York,61,NY,36,10029,40.794331,-73.944991,R,NY005,New York City Housing Authority,81,2024-04-05T00:00:00Z,NSPIRE,81,TRUE,,No
INSP-14949,NY005001360,ROBERT FULTON,418 W 17th St,New York,"New York-Newark-Jersey City, NY-NJ Metropolitan Statistical Area",35620,New York,61,NY,36,10011,40.743701,-74.005507,R,NY005,New York City Housing Authority,71,2024-08-22T00:00:00Z,NSPIRE,71,TRUE,,No
702393,NY005001490,POLO GROUNDS TOWERS,2931 8th Ave,New York,"New York-Newark-Jersey City, NY-NJ Metropolitan Statistical Area",35620,New York,61,NY,36,10039,40.83073,-73.936433,R,NY005,New York City Housing Authority,31,2022-06-29T00:00:00Z,UPCS,31,FALSE,,No
INSP-14952,NY005001650,BCH.41 ST/BCH. CHANNEL DR,438 Beach 40th St,Queens,"New York-Newark-Jersey City, NY-NJ Metropolitan Statistical Area",35620,Queens,81,NY,36,11691,40.596192,-73.772635,R,NY005,New York City Housing Authority,48,2024-06-27T00:00:00Z,NSPIRE,48,FALSE,,No
625046,NY005003100,LAVANBURG HOMES,130 BARUCH PLACE,Manhattan,"New York-Newark-Jersey City, NY-NJ Metropolitan Statistical Area",35620,New York,61,NY,36,10002,40.718144,-73.976621,R,NY005,New York City Housing Authority,64,2018-08-27T00:00:00Z,UPCS,64,TRUE,,No
INSP-07649,NY005005050,QUEENSBRIDGE,4009 12th St Apt,Queens,"New York-Newark-Jersey City, NY-NJ Metropolitan Statistical Area",35620,Queens,81,NY,36,11101,40.75543,-73.943407,4,NY005,New York City Housing Authority,73,2024-04-23T00:00:00Z,NSPIRE,73,TRUE,,No
INSP-23516,NY005005140,WHITMAN,81 N Portland Ave,Brooklyn,"New York-Newark-Jersey City, NY-NJ Metropolitan Statistical Area",35620,Kings,47,NY,36,11205,40.696,-73.976151,R,NY005,New York City Housing Authority,9,2024-09-04T00:00:00Z,NSPIRE,9,FALSE,,No
INSP-14994,NY005005600,PSS Grandparent Family Apartments,951 Prospect Ave,Bronx,"New York-Newark-Jersey City, NY-NJ Metropolitan Statistical Area",35620,Bronx,5,NY,36,10459,40.822362,-73.900735,R,NY005,New York City Housing Authority,90,2024-05-20T00:00:00Z,NSPIRE,90,TRUE,,No
718221,NY005010060,VLADECK,622 Water St,New York,"New York-Newark-Jersey City, NY-NJ Metropolitan Statistical Area",35620,New York,61,NY,36,10002,40.711488,-73.983654,R,NY005,New York City Housing Authority,38,2022-12-27T00:00:00Z,UPCS,38,FALSE,,No
INSP-14802,NY005010080,SOUTH JAMAICA II,10616 159th St,Queens,"New York-Newark-Jersey City, NY-NJ Metropolitan Statistical Area",35620,Queens,81,NY,36,11433,40.698078,-73.796275,R,NY005,New York City Housing Authority,87,2024-04-17T00:00:00Z,NSPIRE,87,TRUE,,No
718233,NY005010090,EAST RIVER,2029 2nd Ave,New York,"New York-Newark-Jersey City, NY-NJ Metropolitan Statistical Area",35620,New York,61,NY,36,10029,40.785235,-73.946607,R,NY005,New York City Housing Authority,16,2023-02-10T00:00:00Z,UPCS,16,FALSE,,No
INSP-14732,NY005010100,KINGSBOROUGH,447 Kingsborough 4th Walk,Brooklyn,"New York-Newark-Jersey City, NY-NJ Metropolitan Statistical Area",35620,Kings,47,NY,36,11233,40.675351,-73.924719,R,NY005,New York City Housing Authority,74,2024-04-24T00:00:00Z,NSPIRE,74,TRUE,,No
INSP-20590,NY005010180,JACOB RIIS,1141 FDR Dr,New York,"New York-Newark-Jersey City, NY-NJ Metropolitan Statistical Area",35620,New York,61,NY,36,10009,40.7206,-73.975,B,NY005,New York City Housing Authority,71,2024-10-31T00:00:00Z,NSPIRE,71,TRUE,,No
INSP-14742,NY005010220,AMSTERDAM,530 W 55th St,New York,"New York-Newark-Jersey City, NY-NJ Metropolitan Statistical Area",35620,New York,61,NY,36,10019,40.768131,-73.990704,R,NY005,New York City Housing Authority,81,2024-07-31T00:00:00Z,NSPIRE,81,TRUE,,No
INSP-07652,NY005010280,MELROSE,321 E 153rd St,Bronx,"New York-Newark-Jersey City, NY-NJ Metropolitan Statistical Area",35620,Bronx,5,NY,36,10451,40.819847,-73.919418,R,NY005,New York City Housing Authority,59,2024-03-13T00:00:00Z,NSPIRE,59,FALSE,,No
INSP-14745,NY005010300,KING TOWERS,1370 5th Ave,New York,"New York-Newark-Jersey City, NY-NJ Metropolitan Statistical Area",35620,New York,61,NY,36,10026,40.799004,-73.947917,R,NY005,New York City Housing Authority,57,2024-08-23T00:00:00Z,NSPIRE,57,FALSE,,No
INSP-07653,NY005010310,ALBANY I & II,1191 Park Pl,Brooklyn,"New York-Newark-Jersey City, NY-NJ Metropolitan Statistical Area",35620,Kings,47,NY,36,11213,40.672931,-73.938189,R,NY005,New York City Housing Authority,71,2024-02-29T00:00:00Z,NSPIRE,71,TRUE,,No
INSP-14990,NY005010320,BRONX RIVER & ADDITION,1350 Manor Ave,Bronx,"New York-Newark-Jersey City, NY-NJ Metropolitan Statistical Area",35620,Bronx,5,NY,36,10472,40.832661,-73.877056,R,NY005,New York City Housing Authority,59,2024-08-21T00:00:00Z,NSPIRE,59,FALSE,,No
INSP-07656,NY005010350,SOUTH BEACH,70 New Ln,Staten Island,"New York-Newark-Jersey City, NY-NJ Metropolitan Statistical Area",35620,Richmond,85,NY,36,10305,40.612633,-74.06242,R,NY005,New York City Housing Authority,87,2024-09-23T00:00:00Z,NSPIRE,87,TRUE,,No
INSP-20592,NY005010360,NOSTRAND,2263 Batchelder St,Brooklyn,"New York-Newark-Jersey City, NY-NJ Metropolitan Statistical Area",35620,Kings,47,NY,36,11229,40.596817,-73.938501,R,NY005,New York City Housing Authority,72,2024-09-16T00:00:00Z,NSPIRE,72,TRUE,,No
INSP-14984,NY005010390,PELHAM PARKWAY,910 Mace Ave,Bronx,"New York-Newark-Jersey City, NY-NJ Metropolitan Statistical Area",35620,Bronx,5,NY,36,10469,40.862936,-73.861238,R,NY005,New York City Housing Authority,54,2024-08-21T00:00:00Z,NSPIRE,54,FALSE,,No
INSP-14938,NY005010450,SEDGEWICK,228 W Tremont Ave,Bronx,"New York-Newark-Jersey City, NY-NJ Metropolitan Statistical Area",35620,Bronx,5,NY,36,10453,40.852709,-73.918235,R,NY005,New York City Housing Authority,57,2024-05-21T00:00:00Z,NSPIRE,57,FALSE,,No
INSP-35261,NY005010470,PARKSIDE,712 E Gun Hill Rd,Bronx,"New York-Newark-Jersey City, NY-NJ Metropolitan Statistical Area",35620,Bronx,5,NY,36,10467,40.877065,-73.865961,R,NY005,New York City Housing Authority,65,2025-06-05T00:00:00Z,NSPIRE,65,TRUE,,No
718238,NY005010600,BARUCH,72 Columbia St Apt,New York,"New York-Newark-Jersey City, NY-NJ Metropolitan Statistical Area",35620,New York,61,NY,36,10002,40.716986,-73.980255,4,NY005,New York City Housing Authority,12,2023-01-30T00:00:00Z,UPCS,12,FALSE,,No
INSP-14936,NY005010620,GEORGE WASHINGTON,110 E 99th St,New York,"New York-Newark-Jersey City, NY-NJ Metropolitan Statistical Area",35620,New York,61,NY,36,10029,40.788093,-73.950658,R,NY005,New York City Housing Authority,53,2024-08-19T00:00:00Z,NSPIRE,53,FALSE,,No
718245,NY005010630,THROGGS NECK,560 Balcom Ave,Bronx,"New York-Newark-Jersey City, NY-NJ Metropolitan Statistical Area",35620,Bronx,5,NY,36,10465,40.821908,-73.826541,R,NY005,New York City Housing Authority,37,2023-03-20T00:00:00Z,UPCS,37,FALSE,,No
INSP-07658,NY005010640,JEFFERSON,306 E 117th St,New York,"New York-Newark-Jersey City, NY-NJ Metropolitan Statistical Area",35620,New York,61,NY,36,10035,40.797194,-73.936584,R,NY005,New York City Housing Authority,68,2024-04-30T00:00:00Z,NSPIRE,68,TRUE,,No
INSP-14972,NY005010670,JUSTICE SONIA SOTOMAYOR HOUSES,2125 Glebe Ave,Bronx,"New York-Newark-Jersey City, NY-NJ Metropolitan Statistical Area",35620,Bronx,5,NY,36,10462,40.835056,-73.850566,R,NY005,New York City Housing Authority,36,2024-08-14T00:00:00Z,NSPIRE,36,FALSE,,No
INSP-14740,NY005010700,CYPRESS HILLS,1230 Sutter Ave,Brooklyn,"New York-Newark-Jersey City, NY-NJ Metropolitan Statistical Area",35620,Kings,47,NY,36,11208,40.672525,-73.872477,R,NY005,New York City Housing Authority,32,2024-08-15T00:00:00Z,NSPIRE,32,FALSE,,No
INSP-07659,NY005010730,SUMNER,303 Vernon Ave,Brooklyn,"New York-Newark-Jersey City, NY-NJ Metropolitan Statistical Area",35620,Kings,47,NY,36,11206,40.695901,-73.93947,R,NY005,New York City Housing Authority,52,2024-03-04T00:00:00Z,NSPIRE,52,FALSE,,No
INSP-20593,NY005010740,SEN. ROBERT F. WAGNER SR.,20 Paladino Ave,New York,"New York-Newark-Jersey City, NY-NJ Metropolitan Statistical Area",35620,New York,61,NY,36,10035,40.800313,-73.930661,R,NY005,New York City Housing Authority,75,2024-10-29T00:00:00Z,NSPIRE,75,TRUE,,No
INSP-14978,NY005010750,HAMMEL,7115 Beach Channel Dr,Queens,"New York-Newark-Jersey City, NY-NJ Metropolitan Statistical Area",35620,Queens,81,NY,36,11692,40.590393,-73.800513,R,NY005,New York City Housing Authority,87,2024-04-09T00:00:00Z,NSPIRE,87,TRUE,,No
INSP-14741,NY005010760,LA GUARDIA,286 South St,Manhattan,"New York-Newark-Jersey City, NY-NJ Metropolitan Statistical Area",35620,New York,61,NY,36,10002,40.710664,-73.986613,R,NY005,New York City Housing Authority,53,2024-03-19T00:00:00Z,NSPIRE,53,FALSE,,No
INSP-14934,NY005010820,FREDERICK DOUGLASS & ADD.,870 Columbus Ave,New York,"New York-Newark-Jersey City, NY-NJ Metropolitan Statistical Area",35620,New York,61,NY,36,10025,40.797413,-73.964444,R,NY005,New York City Housing Authority,53,2024-08-21T00:00:00Z,NSPIRE,53,FALSE,,No
719888,NY005010840,MILL BROOK & EXTENSION,600 E 137th St,Bronx,"New York-Newark-Jersey City, NY-NJ Metropolitan Statistical Area",35620,Bronx,5,NY,36,10454,40.805454,-73.916823,R,NY005,New York City Housing Authority,22,2022-12-05T00:00:00Z,UPCS,22,FALSE,,No
INSP-07663,NY005010860,HYLAN,131 Moore St,Brooklyn,"New York-Newark-Jersey City, NY-NJ Metropolitan Statistical Area",35620,Kings,47,NY,36,11206,40.704129,-73.94034,R,NY005,New York City Housing Authority,86,2024-01-18T00:00:00Z,NSPIRE,86,TRUE,,No
INSP-07664,NY005010910,BAISLEY PARK,9233 170th St,Queens,"New York-Newark-Jersey City, NY-NJ Metropolitan Statistical Area",35620,Queens,81,NY,36,11433,40.706214,-73.788932,R,NY005,New York City Housing Authority,79,2024-10-31T00:00:00Z,NSPIRE,79,TRUE,,No
INSP-07665,NY005010930,E.R. MOORE,525 Jackson Ave,Bronx,"New York-Newark-Jersey City, NY-NJ Metropolitan Statistical Area",35620,Bronx,5,NY,36,10455,40.812311,-73.909182,R,NY005,New York City Housing Authority,40,2024-02-07T00:00:00Z,NSPIRE,40,FALSE,,No
INSP-14989,NY005010970,SEN. ROBERT A. TAFT,1365 5th Ave,New York,"New York-Newark-Jersey City, NY-NJ Metropolitan Statistical Area",35620,New York,61,NY,36,10029,40.798676,-73.94767,R,NY005,New York City Housing Authority,59,2024-08-13T00:00:00Z,NSPIRE,59,FALSE,,No
INSP-14962,NY005010980,OCEANBAY APARTMENTS (OCEANSIDE),306 Beach 56th St,Queens,"New York-Newark-Jersey City, NY-NJ Metropolitan Statistical Area",35620,Queens,81,NY,36,11692,40.592605,-73.785824,R,NY005,New York City Housing Authority,54,2024-06-13T00:00:00Z,NSPIRE,54,FALSE,,No
INSP-14991,NY005011000,SAMUEL GOMPERS,100 Pitt St,New York,"New York-Newark-Jersey City, NY-NJ Metropolitan Statistical Area",35620,New York,61,NY,36,10002,40.718903,-73.981962,R,NY005,New York City Housing Authority,69,2024-08-14T00:00:00Z,NSPIRE,69,TRUE,,No
INSP-14947,NY005011020,GOUVERNEUR MORRIS I,1465 Washington Ave Apt,Bronx,"New York-Newark-Jersey City, NY-NJ Metropolitan Statistical Area",35620,Bronx,5,NY,36,10456,40.83719,-73.903626,4,NY005,New York City Housing Authority,39,2024-08-12T00:00:00Z,NSPIRE,39,FALSE,,No
INSP-07675,NY005011170,RICHMOND TERRACE,145 Cassidy Pl,Staten Island,"New York-Newark-Jersey City, NY-NJ Metropolitan Statistical Area",35620,Richmond,85,NY,36,10301,40.642005,-74.097173,R,NY005,New York City Housing Authority,69,2024-05-20T00:00:00Z,NSPIRE,69,TRUE,,No
INSP-14980,NY005011270,DE HOSTOS APARTMENTS,201 W 93rd St,New York,"New York-Newark-Jersey City, NY-NJ Metropolitan Statistical Area",35620,New York,61,NY,36,10025,40.792453,-73.972102,R,NY005,New York City Housing Authority,70,2024-08-26T00:00:00Z,NSPIRE,70,TRUE,,No
INSP-07676,NY005011310,TOMPKINS,760 Park Ave,Brooklyn,"New York-Newark-Jersey City, NY-NJ Metropolitan Statistical Area",35620,Kings,47,NY,36,11206,40.697964,-73.944951,R,NY005,New York City Housing Authority,40,2024-02-23T00:00:00Z,NSPIRE,40,FALSE,,No
702429,NY005011330,1010 E. 178TH ST.,1010 E 178th St,Bronx,"New York-Newark-Jersey City, NY-NJ Metropolitan Statistical Area",35620,Bronx,5,NY,36,10460,40.841113,-73.880137,R,NY005,New York City Housing Authority,32,2022-02-23T00:00:00Z,UPCS,32,FALSE,,No
INSP-14953,NY005011340,J.L. ELLIOT,288 10th Ave,New York,"New York-Newark-Jersey City, NY-NJ Metropolitan Statistical Area",35620,New York,61,NY,36,10001,40.749903,-74.002339,R,NY005,New York City Housing Authority,58,2024-07-16T00:00:00Z,NSPIRE,58,FALSE,,No
INSP-14799,NY005011350,ELEANOR ROOSEVELT I,109 Lewis Ave,Brooklyn,"New York-Newark-Jersey City, NY-NJ Metropolitan Statistical Area",35620,Kings,47,NY,36,11206,40.693768,-73.936987,R,NY005,New York City Housing Authority,70,2024-03-13T00:00:00Z,NSPIRE,70,TRUE,,No
INSP-07679,NY005011390,STANLEY ISAACS,405 E 92nd St,New York,"New York-Newark-Jersey City, NY-NJ Metropolitan Statistical Area",35620,New York,61,NY,36,10128,40.780524,-73.945734,R,NY005,New York City Housing Authority,80,2024-04-10T00:00:00Z,NSPIRE,80,TRUE,,No
INSP-07680,NY005011410,DANIEL WEBSTER,1260 Webster Ave Apt,Bronx,"New York-Newark-Jersey City, NY-NJ Metropolitan Statistical Area",35620,Bronx,5,NY,36,10456,40.833208,-73.909023,4,NY005,New York City Housing Authority,59,2024-02-13T00:00:00Z,NSPIRE,59,FALSE,,No
INSP-35270,NY005011450,JOHN P. MITCHEL,225 Willis Ave,Bronx,"New York-Newark-Jersey City, NY-NJ Metropolitan Statistical Area",35620,Bronx,5,NY,36,10454,40.808811,-73.922917,R,NY005,New York City Housing Authority,64,2025-06-12T00:00:00Z,NSPIRE,64,TRUE,,No
INSP-07681,NY005011530,NATHAN STRAUS,224 E 28th St,New York,"New York-Newark-Jersey City, NY-NJ Metropolitan Statistical Area",35620,New York,61,NY,36,10016,40.741406,-73.979976,R,NY005,New York City Housing Authority,81,2024-01-24T00:00:00Z,NSPIRE,81,TRUE,,No
INSP-07682,NY005011620,OCEAN HILL APTS,33 Saratoga Ave,Brooklyn,"New York-Newark-Jersey City, NY-NJ Metropolitan Statistical Area",35620,Kings,47,NY,36,11233,40.685824,-73.917561,R,NY005,New York City Housing Authority,75,2024-10-31T00:00:00Z,NSPIRE,75,TRUE,,No
INSP-07683,NY005011630,WYCKOFF GARDENS,487 Carlton Ave Apt,Brooklyn,"New York-Newark-Jersey City, NY-NJ Metropolitan Statistical Area",35620,Kings,47,NY,36,11238,40.684186,-73.971034,4,NY005,New York City Housing Authority,73,2024-03-11T00:00:00Z,NSPIRE,73,TRUE,,No
INSP-07684,NY005011660,GERALD J.CAREY GARDENS,2946 W 23rd St,Brooklyn,"New York-Newark-Jersey City, NY-NJ Metropolitan Statistical Area",35620,Kings,47,NY,36,11224,40.575105,-73.99011,R,NY005,New York City Housing Authority,81,2024-02-13T00:00:00Z,NSPIRE,81,TRUE,,No
INSP-07685,NY005011680,LANGSTON HUGHES APTS,393 Powell St,Brooklyn,"New York-Newark-Jersey City, NY-NJ Metropolitan Statistical Area",35620,Kings,47,NY,36,11212,40.664281,-73.902363,R,NY005,New York City Housing Authority,80,2024-02-14T00:00:00Z,NSPIRE,80,TRUE,,No
INSP-07686,NY005011690,SETH LOW,157 Belmont Ave,Brooklyn,"New York-Newark-Jersey City, NY-NJ Metropolitan Statistical Area",35620,Kings,47,NY,36,11212,40.669422,-73.904771,R,NY005,New York City Housing Authority,59,2024-02-28T00:00:00Z,NSPIRE,59,FALSE,,No
INSP-14983,NY005011700,SURFSIDE GARDENS,2926 W 25th St,Brooklyn,"New York-Newark-Jersey City, NY-NJ Metropolitan Statistical Area",35620,Kings,47,NY,36,11224,40.575079,-73.992265,R,NY005,New York City Housing Authority,47,2024-05-22T00:00:00Z,NSPIRE,47,FALSE,,No
INSP-14733,NY005011720,GRAVESEND,2950 W 35th St,Brooklyn,"New York-Newark-Jersey City, NY-NJ Metropolitan Statistical Area",35620,Kings,47,NY,36,11224,40.573944,-74.000725,R,NY005,New York City Housing Authority,46,2024-04-08T00:00:00Z,NSPIRE,46,FALSE,,No
INSP-14804,NY005011860,LEWIS H. LATIMER GARDENS,3425 Linden Pl Apt,Queens,"New York-Newark-Jersey City, NY-NJ Metropolitan Statistical Area",35620,Queens,81,NY,36,11354,40.765756,-73.83107,4,NY005,New York City Housing Authority,93,2024-04-10T00:00:00Z,NSPIRE,93,TRUE,,No
INSP-41491,NY005011940,VANDALIA AVENUE,77 Vandalia Ave,Brooklyn,"New York-Newark-Jersey City, NY-NJ Metropolitan Statistical Area",35620,Kings,47,NY,36,11239,40.650392,-73.88604,R,NY005,New York City Housing Authority,70,2025-02-19T00:00:00Z,NSPIRE,70,TRUE,,No
719919,NY005012020,FT INDEPENDENCE/HEATH AVE,3340 Bailey Ave,Bronx,"New York-Newark-Jersey City, NY-NJ Metropolitan Statistical Area",35620,Bronx,5,NY,36,10463,40.879622,-73.900911,R,NY005,New York City Housing Authority,72,2022-12-16T00:00:00Z,UPCS,72,TRUE,,No
718246,NY005012090,FHA REPOSSESSED HOUSES V,305 Atkins Ave,Brooklyn,"New York-Newark-Jersey City, NY-NJ Metropolitan Statistical Area",35620,Kings,47,NY,36,11208,40.671457,-73.878019,R,NY005,New York City Housing Authority,32,2023-02-22T00:00:00Z,UPCS,32,FALSE,,No
INSP-07695,NY005012210,STUYVESANT GARDENS I,150 Malcolm X Blvd,Brooklyn,"New York-Newark-Jersey City, NY-NJ Metropolitan Statistical Area",35620,Kings,47,NY,36,11221,40.68805,-73.930311,R,NY005,New York City Housing Authority,57,2024-03-28T00:00:00Z,NSPIRE,57,FALSE,,No
718262,NY005012270,TWIN PARKS EAST (SITE 9),2111 Lafontaine Ave,Bronx,"New York-Newark-Jersey City, NY-NJ Metropolitan Statistical Area",35620,Bronx,5,NY,36,10457,40.850134,-73.892407,R,NY005,New York City Housing Authority,17,2022-12-07T00:00:00Z,UPCS,17,FALSE,,No
INSP-07697,NY005012340,TAYLOR ST/WYTHE AVE,626 Wythe Pl,Brooklyn,"New York-Newark-Jersey City, NY-NJ Metropolitan Statistical Area",35620,Kings,47,NY,36,11249,40.704808,-73.96467,R,NY005,New York City Housing Authority,84,2024-03-12T00:00:00Z,NSPIRE,84,TRUE,,No
INSP-14954,NY005012410,U.P.A.C.A. URA (SITE 5),1980 Lexington Ave,New York,"New York-Newark-Jersey City, NY-NJ Metropolitan Statistical Area",35620,New York,61,NY,36,10035,40.801825,-73.939522,R,NY005,New York City Housing Authority,73,2024-08-09T00:00:00Z,NSPIRE,73,TRUE,,No
INSP-07698,NY005012430,BORINQUEN PLAZA STAGE I,60 Moore St,Brooklyn,"New York-Newark-Jersey City, NY-NJ Metropolitan Statistical Area",35620,Kings,47,NY,36,11206,40.703496,-73.943551,R,NY005,New York City Housing Authority,59,2024-02-20T00:00:00Z,NSPIRE,59,FALSE,,No
INSP-07699,NY005012520,MARCUS GARVEY (GROUP A),10 Amboy St,Brooklyn,"New York-Newark-Jersey City, NY-NJ Metropolitan Statistical Area",35620,Kings,47,NY,36,11212,40.670399,-73.914618,R,NY005,New York City Housing Authority,71,2024-02-22T00:00:00Z,NSPIRE,71,TRUE,,No
INSP-07700,NY005012570,PEDRO A. CAMPOS PLAZA II,612 E 14th St,New York,"New York-Newark-Jersey City, NY-NJ Metropolitan Statistical Area",35620,New York,61,NY,36,10009,40.728864,-73.977127,R,NY005,New York City Housing Authority,73,2024-01-23T00:00:00Z,NSPIRE,73,TRUE,,No
INSP-07701,NY005012610,UNITY PLAZA SITES 4-27,390 Georgia Ave,Brooklyn,"New York-Newark-Jersey City, NY-NJ Metropolitan Statistical Area",35620,Kings,47,NY,36,11207,40.666989,-73.896792,R,NY005,New York City Housing Authority,39,2024-02-27T00:00:00Z,NSPIRE,39,FALSE,,No
INSP-07702,NY005012670,ANDREW JACKSON,3135 Park Ave,Bronx,"New York-Newark-Jersey City, NY-NJ Metropolitan Statistical Area",35620,Bronx,5,NY,36,10451,40.824106,-73.917538,R,NY005,New York City Housing Authority,50,2024-03-14T00:00:00Z,NSPIRE,50,FALSE,,No
INSP-24112,NY005012800,Clason Point,1660 Story Ave,Bronx,"New York-Newark-Jersey City, NY-NJ Metropolitan Statistical Area",35620,Bronx,5,NY,36,10473,40.822407,-73.870965,R,NY005,New York City Housing Authority,43,2024-09-19T00:00:00Z,NSPIRE,43,FALSE,,No
718259,NY005012920,LOWER EAST SIDE II,251 E 3rd St,New York,"New York-Newark-Jersey City, NY-NJ Metropolitan Statistical Area",35620,New York,61,NY,36,10009,40.722094,-73.981128,R,NY005,New York City Housing Authority,8,2023-02-14T00:00:00Z,UPCS,8,FALSE,,No
INSP-14951,NY005013080,CLAREMONT GROUP IV,1020 College Ave,Bronx,"New York-Newark-Jersey City, NY-NJ Metropolitan Statistical Area",35620,Bronx,5,NY,36,10456,40.829045,-73.915297,R,NY005,New York City Housing Authority,47,2024-07-10T00:00:00Z,NSPIRE,47,FALSE,,No
INSP-36932,NY005013170,TAFT REHAB 201-203 W. 117,203 W 117th St,New York,"New York-Newark-Jersey City, NY-NJ Metropolitan Statistical Area",35620,New York,61,NY,36,10026,40.804634,-73.953334,R,NY005,New York City Housing Authority,71,2025-06-05T00:00:00Z,NSPIRE,71,TRUE,,No
718280,NY005013410,UNIVERSITY AVE REHAB,1925 University Ave,Bronx,"New York-Newark-Jersey City, NY-NJ Metropolitan Statistical Area",35620,Bronx,5,NY,36,10453,40.853552,-73.912654,R,NY005,New York City Housing Authority,57,2023-02-15T00:00:00Z,UPCS,57,FALSE,,No
INSP-35984,NY005013590,LOWER EAST SIDE III,154 W 84th St,New York,"New York-Newark-Jersey City, NY-NJ Metropolitan Statistical Area",35620,New York,61,NY,36,10024,40.785578,-73.974555,R,NY005,New York City Housing Authority,78,2025-05-12T00:00:00Z,NSPIRE,78,TRUE,,No
INSP-08011,NY005015300,WEST FARMS ROAD,1317 W Farms Rd,Bronx,"New York-Newark-Jersey City, NY-NJ Metropolitan Statistical Area",35620,Bronx,5,NY,36,10459,40.82958,-73.886863,R,NY005,New York City Housing Authority,77,2024-03-25T00:00:00Z,NSPIRE,77,TRUE,,No
INSP-21335,NY005015310,HIGHBRDGE REHAB/ANDERSON AVE,1143 Longfellow Ave,Bronx,"New York-Newark-Jersey City, NY-NJ Metropolitan Statistical Area",35620,Bronx,5,NY,36,10459,40.827174,-73.888158,R,NY005,New York City Housing Authority,92,2024-09-03T00:00:00Z,NSPIRE,92,TRUE,,No
INSP-08012,NY005020490,MARBLE HILL,5210 Broadway,Bronx,"New York-Newark-Jersey City, NY-NJ Metropolitan Statistical Area",35620,New York,61,NY,36,10463,40.874807,-73.909037,R,NY005,New York City Housing Authority,83,2024-03-18T00:00:00Z,NSPIRE,83,TRUE,,No
INSP-14987,NY005020800,CASTLE HILL,535 Havemeyer Ave,Bronx,"New York-Newark-Jersey City, NY-NJ Metropolitan Statistical Area",35620,Bronx,5,NY,36,10473,40.81806,-73.844873,R,NY005,New York City Housing Authority,54,2024-08-22T00:00:00Z,NSPIRE,54,FALSE,,No
INSP-14743,NY005020830,MARLBORO,29 Avenue W,Brooklyn,"New York-Newark-Jersey City, NY-NJ Metropolitan Statistical Area",35620,Kings,47,NY,36,11223,40.591438,-73.983229,R,NY005,New York City Housing Authority,59,2024-03-11T00:00:00Z,NSPIRE,59,FALSE,,No
INSP-14803,NY005020860,BUSHWICK,24 Humboldt St,Brooklyn,"New York-Newark-Jersey City, NY-NJ Metropolitan Statistical Area",35620,Kings,47,NY,36,11206,40.701986,-73.940362,R,NY005,New York City Housing Authority,59,2024-06-10T00:00:00Z,NSPIRE,59,FALSE,,No
INSP-08013,NY005020920,BAY VIEW,5995 Shore Pkwy,Brooklyn,"New York-Newark-Jersey City, NY-NJ Metropolitan Statistical Area",35620,Kings,47,NY,36,11236,40.632691,-73.88401,R,NY005,New York City Housing Authority,70,2024-04-11T00:00:00Z,NSPIRE,70,TRUE,,No
INSP-08014,NY005020930,SAINT MARYS PARK,595 Trinity Ave,Bronx,"New York-Newark-Jersey City, NY-NJ Metropolitan Statistical Area",35620,Bronx,5,NY,36,10455,40.814937,-73.909703,R,NY005,New York City Housing Authority,37,2024-01-30T00:00:00Z,NSPIRE,37,FALSE,,No
718278,NY005020990,RUTGERS,160 Madison St,New York,"New York-Newark-Jersey City, NY-NJ Metropolitan Statistical Area",35620,New York,61,NY,36,10002,40.712389,-73.991128,R,NY005,New York City Housing Authority,49,2023-03-13T00:00:00Z,UPCS,49,FALSE,,No
INSP-08015,NY005021110,DREW HAMILTON,200 W 143rd St,New York,"New York-Newark-Jersey City, NY-NJ Metropolitan Statistical Area",35620,New York,61,NY,36,10030,40.821283,-73.941822,R,NY005,New York City Housing Authority,40,2024-02-22T00:00:00Z,NSPIRE,40,FALSE,,No
INSP-08016,NY005021140,STAPLETON,27 Warren St,Staten Island,"New York-Newark-Jersey City, NY-NJ Metropolitan Statistical Area",35620,Richmond,85,NY,36,10304,40.622039,-74.082329,R,NY005,New York City Housing Authority,43,2024-04-26T00:00:00Z,NSPIRE,43,FALSE,,No
INSP-14966,NY005021340,CHELSEA,415 W 25th St,New York,"New York-Newark-Jersey City, NY-NJ Metropolitan Statistical Area",35620,New York,61,NY,36,10001,40.748291,-74.001181,R,NY005,New York City Housing Authority,59,2024-07-15T00:00:00Z,NSPIRE,59,FALSE,,No
INSP-14814,NY005021870,AMSTERDAM ADDITION,240 W 65th St,New York,"New York-Newark-Jersey City, NY-NJ Metropolitan Statistical Area",35620,New York,61,NY,36,10023,40.774898,-73.987046,R,NY005,New York City Housing Authority,59,2024-07-29T00:00:00Z,NSPIRE,59,FALSE,,No
INSP-14999,NY005024000,1070 Washington Avenue,1070 Washington Ave,Bronx,"New York-Newark-Jersey City, NY-NJ Metropolitan Statistical Area",35620,Bronx,5,NY,36,10456,40.827743,-73.908645,R,NY005,New York City Housing Authority,89,2024-07-12T00:00:00Z,NSPIRE,89,TRUE,,No
INSP-08017,NY005025000,PROSPECT PLAZA PHASE I,1765 Prospect Pl,Brooklyn,"New York-Newark-Jersey City, NY-NJ Metropolitan Statistical Area",35620,Kings,47,NY,36,11233,40.672729,-73.917944,R,NY005,New York City Housing Authority,92,2024-01-17T00:00:00Z,NSPIRE,92,TRUE,,No
INSP-41700,NY005025001,PROSPECT PLAZA PHASE II,396 Saratoga Ave,Brooklyn,"New York-Newark-Jersey City, NY-NJ Metropolitan Statistical Area",35620,Kings,47,NY,36,11233,40.672201,-73.917105,R,NY005,New York City Housing Authority,91,2025-03-04T00:00:00Z,NSPIRE,91,TRUE,,No
INSP-08018,NY005026001,Randolph South,234 W 114th St Apt 111,New York,"New York-Newark-Jersey City, NY-NJ Metropolitan Statistical Area",35620,New York,61,NY,36,10026,40.802455,-73.955199,R,NY005,New York City Housing Authority,81,2024-02-26T00:00:00Z,NSPIRE,81,TRUE,,No
