development,x_need_20,total_number_of_apartments,cap_per_unit,cat_1,cat_1_amt,cat_2,cat_2_amt,cat_3,cat_3_amt
1010 EAST 178TH STREET,96543013.57,220,438831.87986363634,Apartments,39137198.949999996,Heating,22583004.19,Building Exterior/Facade/Window,9490041.38
104-14 TAPSCOTT STREET,18442408.86,30,614746.9619999999,Apartments,6090701.32,Building Exterior/Facade/Window,2779412.8,Roofs,2738952.2
1162-1176 WASHINGTON AVENUE,31707535.599999998,66,480417.20606060605,Apartments,13919967.6,Heating,7730771,Common Areas/Lobbies,2226295.37
131 SAINT NICHOLAS AVENUE,45575012.05,100,455750.12049999996,Apartments,17805837.97,Heating,6992509.6,Building Exterior/Facade/Window,6613462.47
1471 WATSON AVENUE,41387387.04,96,431118.615,Apartments,18993225.02,Heating,6255598.82,Building Exterior/Facade/Window,4059665.14
154 WEST 84TH STREET,18152327.43,35,518637.92657142854,Apartments,6745517.07,Building Exterior/Facade/Window,3462557.19,Heating,1877380.81
303 VERNON AVENUE,91191476.71,234,389707.1654273504,Apartments,38139159.91,Heating,16563972.09,Building Exterior/Facade/Window,12729543.110000001
45 ALLEN STREET,56812480.449999996,107,530957.7612149533,Apartments,23220023.99,Building Exterior/Facade/Window,10182053.1,Heating,7521714.1
830 AMSTERDAM AVENUE,75856543.08,159,477085.17660377355,Apartments,31449528.61,Heating,17160192.95,Building Exterior/Facade/Window,8642058.35
ADAMS,415113014.33,925,448770.8263027027,Apartments,166996194.76999998,Heating,95822380.16,Building Exterior/Facade/Window,56150596.89
ALBANY,413641865.76,829,498964.8561640531,Apartments,135698841,Heating,101411454.6,Plumbing,50984281.21
ALBANY II,172910876.06,400,432277.19015,Apartments,64037258.93,Plumbing,23584489.34,Heating,22105584.05
AMSTERDAM,539820244.47,1084,497989.15541512915,Apartments,204995970,Building Exterior/Facade/Window,85301133.63000001,Plumbing,70321622.36
AMSTERDAM ADDITION,81126434.44,175,463579.62537142856,Apartments,34055744.92,Heating,12987742.06,Common Areas/Lobbies,9210612.34
ASTORIA,617983827.18,1104,559767.9594021739,Apartments,227417223.54,Plumbing,104907051.08,Heating,81779669.86999999
ATLANTIC TERMINAL SITE 4B,108392419.82,300,361308.0660666666,Apartments,55198611.61,Heating,22055537.709999997,Common Areas/Lobbies,9348532.629999999
BAILEY AVENUE-WEST 193RD STREET,114413039.18,233,491043.0866094421,Apartments,41480584.84,Heating,24136880.63,Grounds,17255907.64
BAISLEY PARK,203740183.47,386,527824.309507772,Apartments,69658610.66,Heating,39468461.45,Building Exterior/Facade/Window,30443139.060000002
BARUCH,801318732.24,2194,365231.87431175937,Apartments,363846292.88,Building Exterior/Facade/Window,140052838.79,Heating,67189061.02
BARUCH HOUSES ADDITION,66743031.28,197,338797.11309644673,Apartments,28300882.75,Heating,13985647.66,Building Exterior/Facade/Window,7051660.85
BAY VIEW,665420447.71,1610,413304.62590683234,Apartments,314074216.6,Heating,146528704.08,Common Areas/Lobbies,42337092.64
BEACH 41ST STREET-BEACH CHANNEL DRIVE,337981033.57,712,474692.46287921345,Apartments,143610752.68,Heating,71641871.31,Building Exterior/Facade/Window,35725332.23
BEDFORD-STUYVESANT REHAB,57540270.26,85,676944.356,Apartments,18838294.41,Building Exterior/Facade/Window,14746073.629999999,Heating,5579524.56
BERRY,271400852.29,506,536365.3207312253,Apartments,92615035.92,Building Exterior/Facade/Window,37088923.55,Heating,26642354.02
BLAND,244923111.98,400,612307.77995,Apartments,71651822.5,Heating,41333113.17,Building Exterior/Facade/Window,34686923.61
BORINQUEN PLAZA I,252317278.76000002,509,495711.7460903733,Apartments,107122755.18,Heating,42267198.4,Building Exterior/Facade/Window,32235951.14
BORINQUEN PLAZA II,245559617.99,425,577787.3364470588,Apartments,101263872.17,Heating,48725545.129999995,Building Exterior/Facade/Window,28836074.47
BOSTON ROAD PLAZA,86301458.38,235,367240.2484255319,Apartments,35966928.26,Heating,24138436.259999998,Common Areas/Lobbies,7118131.92
BOSTON SECOR,245330412.54,538,456004.4842750929,Apartments,96499222.91,Heating,55733201.21,Building Exterior/Facade/Window,33958761.67
BOYNTON AVENUE REHAB,39286675.95,82,479105.80426829273,Apartments,17837312.12,Building Exterior/Facade/Window,6910272.14,Heating,3828909.3600000003
BRACETTI PLAZA,49851906.11,108,461591.7232407407,Apartments,22095192.56,Elevators,5853254.76,Heating,5178177.140000001
BREUKELEN,998475334.26,1595,626003.3443636363,Apartments,293928552.81,Plumbing,132539410.03,Heating,127077510.9
BREVOORT,524433741.46999997,896,585305.5150334821,Apartments,178757218.1,Building Exterior/Facade/Window,71949689.42,Heating,62605727.83
BRONX RIVER,592830365.08,1246,475786.8098555378,Apartments,244834549.03,Heating,82533300.95,Building Exterior/Facade/Window,62481823.1
BRONX RIVER ADDITION,66144894.62,226,292676.52486725664,Apartments,34818208.54,Heating,6545938.65,Elevators,5853254.76
BROWN,76484381.27,200,382421.90635,Apartments,32476177.84,Heating,14695679.67,Building Exterior/Facade/Window,8471239.7
BROWNSVILLE,737968447.28,1338,551545.9247234678,Apartments,244601243.17,Heating,112801619.09,Building Exterior/Facade/Window,111664981.67
BRYANT AVENUE-EAST 174TH STREET,30298878.27,72,420817.75375,Apartments,13144699.15,Building Exterior/Facade/Window,4136405.86,Heating,3452118.09
BUSHWICK,539434063.83,1220,442159.0687131148,Apartments,222652022.81,Heating,126381950.1,Plumbing,39197233.25
BUTLER,593511440.79,1492,397795.8718431635,Apartments,273321231.49,Heating,117670267.3,Building Exterior/Facade/Window,57983469.599999994
CAMPOS PLAZA II,122589347.49,224,547273.8727232142,Apartments,45296591.63,Heating,33982528.5,Elevators,10243195.83
CAREY GARDENS,268930212.44,683,393748.4808784773,Apartments,115996923.61,Heating,35367800.92,Building Exterior/Facade/Window,33668423.81
CARLETON MANOR,72006810.1,174,413832.24195402296,Apartments,31670383.59,Building Exterior/Facade/Window,8113348.66,Heating,8010207.15
CARVER,555922541.09,1246,446165.7633146068,Apartments,236786859.96,Building Exterior/Facade/Window,91372626.46,Heating,81380668.99000001
CASSIDY-LAFAYETTE,136183758.9,380,358378.3128947369,Apartments,62318699.6,Building Exterior/Facade/Window,18112766.46,Heating,14888300.09
CASTLE HILL,835708766.98,2025,412695.6873975309,Apartments,323702985.61,Heating,131461406.56,Building Exterior/Facade/Window,122355416.25
CHELSEA,178933772.41,425,421020.64096470585,Apartments,80084374.41,Heating,30359568.81,Building Exterior/Facade/Window,18336507.150000002
CHELSEA ADDITION,47501322.83,96,494805.4461458333,Apartments,15755943.04,Heating,6825470.66,Common Areas/Lobbies,6253833.4
CLAREMONT PARKWAY-FRANKLIN AVENUE,85212624.41,188,453258.6404787234,Apartments,33762731.26,Building Exterior/Facade/Window,11720719.82,Heating,9669806.42
CLAREMONT REHAB (GROUP 2),61485199.93,107,574628.036728972,Apartments,24457646.25,Building Exterior/Facade/Window,7211759.94,Heating,6493533.89
CLAREMONT REHAB (GROUP 3),58912656.78,115,512283.972,Apartments,23666278.900000002,Building Exterior/Facade/Window,10233783.780000001,Heating,5521801.100000001
CLAREMONT REHAB (GROUP 4),75892122.36,150,505947.4824,Apartments,30859234.75,Building Exterior/Facade/Window,14690280.31,Heating,7256099.69
CLAREMONT REHAB (GROUP 5),72468519.64,135,536803.8491851852,Apartments,26201645.07,Roofs,11407893.15,Building Exterior/Facade/Window,11267369.87
CLASON POINT GARDENS,239746181.85999998,401,597870.7777057356,Apartments,65021212.55,Heating,44167353.68,Plumbing,35461356.589999996
CLINTON,349670462.73,749,466849.74997329776,Apartments,136764263.85,Heating,77592346.75,Building Exterior/Facade/Window,46270516.7
COLLEGE AVENUE-EAST 165TH STREET,32389982.66,95,340947.18589473685,Apartments,14874348.19,Heating,4547710.13,Elevators,2926627.38
CONEY ISLAND,230442159.34,534,431539.62423220975,Apartments,105681811.57,Plumbing,30903383.38,Heating,29597449.01
CONEY ISLAND I (SITE 1B),83490335.17999999,193,432592.4102590673,Apartments,40150348.129999995,Building Exterior/Facade/Window,10858577.93,Heating,9410149.11
CONEY ISLAND I (SITE 8),53512938.87,125,428103.51096,Apartments,26142795.53,Building Exterior/Facade/Window,7279996.39,Heating,4848044.52
CONEY ISLAND I (SITES 4 & 5),146267384.4,376,389009.0010638298,Apartments,77553525.3,Building Exterior/Facade/Window,16482029.379999999,Heating,16125858.9
CONLON LIHFE TOWER,71920935.67,216,332967.29476851854,Apartments,34530399.87,Heating,15362770.610000001,Building Exterior/Facade/Window,5426145.85
COOPER PARK,397668271.9,700,568097.5312857142,Apartments,136084937.44,Heating,62600451.760000005,Building Exterior/Facade/Window,57788170.96
CORSI HOUSES,83343654.36,171,487389.7915789474,Apartments,28934295.62,Heating,24254240.35,Common Areas/Lobbies,6985721.54
CROWN HEIGHTS,65393555.49,121,540442.6073553719,Apartments,26244836.79,Building Exterior/Facade/Window,7672749.47,Heating,7551995.11
CYPRESS HILLS,646178891.34,1444,447492.3070221607,Apartments,278426744.12,Heating,70595943.59,Building Exterior/Facade/Window,62031694.019999996
DAVIDSON,76404800.14,175,436598.85794285714,Apartments,34655164.36,Heating,8139688.01,Common Areas/Lobbies,6001272.52
DE HOSTOS APARTMENTS,90818768.73,223,407259.05260089686,Apartments,43206313.34,Heating,15946920.14,Building Exterior/Facade/Window,11162091.26
DOUGLASS ADDITION,64670714.94,135,479042.3328888889,Apartments,30384625.88,Heating,8474226.870000001,Building Exterior/Facade/Window,8012046.350000001
DOUGLASS I,585632016.58,1305,448760.1659616859,Apartments,241391878.08,Heating,92643401.06,Building Exterior/Facade/Window,74888938.81
DOUGLASS II,334483272.5,753,444200.8930942895,Apartments,141025478.75,Heating,53100917.44,Building Exterior/Facade/Window,45973028.14
DREW-HAMILTON,508585139.32,1217,417900.689663106,Apartments,214486062.87,Heating,125571881.19,Building Exterior/Facade/Window,51670378.37
DYCKMAN,482365433.05,1167,413337.9889031705,Apartments,213718219.12,Heating,80654944.50999999,Building Exterior/Facade/Window,62053613.17
EAGLE AVENUE-EAST 163RD STREET,28322837.78,66,429133.90575757576,Apartments,12468946.55,Building Exterior/Facade/Window,4279326.2700000005,Heating,3112832.64
EAST 152ND STREET-COURTLANDT AVENUE,87239612.36,221,394749.37719457014,Apartments,40264161.78,Heating,22893779.48,Elevators,5929802.7
EAST 165TH STREET-BRYANT AVENUE,68542719.23,111,617501.9750450451,Apartments,22067532.03,Building Exterior/Facade/Window,17231419.669999998,Heating,7064809.600000001
EAST 173RD STREET-VYSE AVENUE,91008457.75999999,168,541717.0104761904,Apartments,34121821.519999996,Building Exterior/Facade/Window,21429257.61,Heating,11892964.72
EAST 180TH STREET-MONTEREY AVENUE,115671549.45,239,483981.37845188286,Apartments,46734591.95,Heating,18573564.58,Building Exterior/Facade/Window,10536693.72
EAST NEW YORK CITY LINE,61546464.43,66,932522.1883333334,Apartments,11885779.45,Heating,11435828.99,Roofs,10570883.44
EAST RIVER,554513944.04,1170,473943.54191452987,Apartments,205727570.66,Heating,90882675.41,Plumbing,69046109.86
EASTCHESTER GARDENS,405977612.92,877,462916.32031927025,Apartments,165724035.07,Plumbing,56346459.9,Building Exterior/Facade/Window,46409790.02
EDENWALD,1119292625.9,2039,548941.9450220697,Apartments,412294194.93,Heating,174721531.04,Plumbing,133040036.22
ELLIOTT,255225394.20999998,608,419778.6088980263,Apartments,110267161.64999999,Heating,43573337.71,Building Exterior/Facade/Window,37856027.9
FARRAGUT,506685218.79999995,1390,364521.74014388485,Apartments,265859398.80999997,Heating,73133788.57000001,Common Areas/Lobbies,33601416
FENIMORE-LEFFERTS,32104109.86,36,891780.8294444444,Apartments,7309961.34,Heating,5795723.44,Building Exterior/Facade/Window,5360312.47
FIRST HOUSES,74263786.13,126,589395.128015873,Apartments,20028873.009999998,Building Exterior/Facade/Window,10401749,Heating,9874045.94
FOREST,687991882.98,1350,509623.61702222226,Apartments,260543578.57,Heating,139641695.6,Building Exterior/Facade/Window,100770452.57000001
FORT INDEPENDENCE STREET-HEATH AVENUE,146635781.98,344,426266.80808139534,Apartments,63951754.58,Heating,35428382.72,Building Exterior/Facade/Window,10586590.7
FULTON,445849334.13,944,472298.0234427966,Apartments,177593192.28,Heating,113315590.21000001,Elevators,36582842.25
GARVEY (GROUP A),169517970.6,321,528093.3663551401,Apartments,64179546.230000004,Heating,33176229.46,Building Exterior/Facade/Window,14630782.59
GLEBE AVENUE-WESTCHESTER AVENUE,49875110.63,132,377841.7471969697,Apartments,22906959.27,Heating,6570482.16,Grounds,5060404.73
GLENMORE PLAZA,233537183.64000002,440,530766.3264545455,Apartments,82443964.7,Heating,65536269.97,Building Exterior/Facade/Window,29624393.55
GLENWOOD,663852633.73,1188,558798.5132407408,Apartments,215473860.09,Heating,122963421.9,Building Exterior/Facade/Window,81252411.64
GOMPERS,201828650.26999998,474,425798.84023206745,Apartments,93282897.28999999,Building Exterior/Facade/Window,25808505.349999998,Heating,25531106.28
GOWANUS,639337526.26,1139,561314.7728358209,Apartments,211291153.62,Heating,100317553.96000001,Plumbing,98798945.97
GRANT,914162060.67,1940,471217.5570463917,Apartments,399269180.84,Heating,151258031.37,Plumbing,111162439.14999999
GRAVESEND,297589722.72,634,469384.4206940064,Apartments,102092142.45,Building Exterior/Facade/Window,68014356.64,Plumbing,37106362.76
GUN HILL,369138150.69,733,503599.11417462485,Apartments,127156588.89,Heating,75829170.03,Building Exterior/Facade/Window,46216194.559999995
HABER,137671424.36,380,362293.222,Apartments,62962586.18,Building Exterior/Facade/Window,19489124.61,Heating,13534657.5
HAMMEL,370051663.85,712,519735.4829353933,Apartments,143403444.87,Building Exterior/Facade/Window,70587172.73,Heating,33711439.39
HARBORVIEW TERRACE,163262894.11,377,433058.0745623343,Apartments,62295366.26,Heating,41582706.53,Grounds,10486566.51
HARRISON AVENUE REHAB (GROUP A),17527512.93,34,515515.08617647056,Apartments,6493110.32,Building Exterior/Facade/Window,3850311.88,Heating,1615831.06
HARRISON AVENUE REHAB (GROUP B),78276940.65,150,521846.27100000007,Apartments,29067444.810000002,Building Exterior/Facade/Window,16709296.940000001,Heating,7351835.95
HERNANDEZ,61316836.17,149,411522.39040268457,Apartments,26349563.41,Building Exterior/Facade/Window,11274457.84,Heating,7231415.090000001
HIGHBRIDGE GARDENS,316793467.1,700,452562.0958571429,Apartments,108097005.1,Heating,52899324.51,Building Exterior/Facade/Window,31118393.41
HOE AVENUE-EAST 173RD STREET,31778937.119999997,65,488906.72492307686,Apartments,12155099.12,Heating,7098834.84,Common Areas/Lobbies,2559475.95
HOLMES TOWERS,192635945.44,537,358726.1553817505,Apartments,91594385.48,Heating,38285344.79,Building Exterior/Facade/Window,21963806.02
HOWARD,382399968.88,815,469202.41580368095,Apartments,138473105.27,Heating,84323694.54,Building Exterior/Facade/Window,40240164.84
HOWARD AVENUE,62290544.98,150,415270.29986666667,Apartments,29552703.2,Roofs,7240529.81,Heating,6637285.92
HOWARD AVENUE-PARK PLACE,104896357.09,156,672412.545448718,Apartments,38185729.72,Heating,26037420.39,Roofs,19374049.46
HUGHES APARTMENTS,236584942.21,513,461179.2245808967,Apartments,97766184.74,Heating,52728207.04,Building Exterior/Facade/Window,32572983.05
HUNTS POINT AVENUE REHAB,91231032.47,131,696420.0951908397,Building Exterior/Facade/Window,29853447.54,Apartments,28602022.84,Heating,7022647.13
HYLAN,89518353.71000001,209,428317.48186602874,Apartments,40783196.81,Heating,14907643.41,Building Exterior/Facade/Window,12242793.14
INGERSOLL,917327640.07,1840,498547.63047282613,Apartments,319899097.05,Building Exterior/Facade/Window,124396396.11,Plumbing,121577054.17
INTERNATIONAL TOWER,58145941.79,159,365697.74710691825,Apartments,23079160.79,Heating,11161196.42,Common Areas/Lobbies,7426334.05
ISAACS,248154274.86,636,390179.6774528302,Apartments,117377598.73,Heating,46713832.48,Building Exterior/Facade/Window,32201856.71
JACKSON,396532298.40000004,868,456834.44516129035,Apartments,178503214.65,Heating,63754335.11,Building Exterior/Facade/Window,57631490.28
JEFFERSON,895653639.26,1493,599901.9686939049,Apartments,293961321.75,Heating,191306858.24,Plumbing,109596734.81
JOHNSON,643158827.33,1310,490960.9368931298,Apartments,251465172.14000002,Heating,101650342.91,Plumbing,69600692.17
KING TOWERS,780164645.86,1379,565746.6612472807,Heating,275423481.01,Apartments,223720580.18,Building Exterior/Facade/Window,88993804.74
KINGSBOROUGH,565994349.67,1165,485832.0598025751,Apartments,173685480.75,Heating,88333438.42,Building Exterior/Facade/Window,86136692.93
KINGSBOROUGH EXTENSION,72432878.59,184,393656.9488586957,Apartments,29253328.91,Heating,18467303.28,Building Exterior/Facade/Window,8181051.8100000005
LA GUARDIA,511252949.62,1094,467324.4512065814,Apartments,175127417.32999998,Heating,112964984.8,Building Exterior/Facade/Window,81608121.25
LA GUARDIA ADDITION,59336760.25,150,395578.4016666667,Apartments,22500991.7,Heating,15488800.48,Building Exterior/Facade/Window,7715064.41
LAFAYETTE,389352502.16,882,441442.74621315196,Apartments,176753100.27,Heating,62452960.98,Building Exterior/Facade/Window,58932529.150000006
LATIMER GARDENS,171950642.35999998,423,406502.7006146572,Apartments,77368127.82,Heating,30201602.1,Building Exterior/Facade/Window,24012016.27
LEAVITT STREET-34TH AVENUE,31646187.39,83,381279.3661445783,Apartments,13123695.98,Heating,3998161.58,Building Exterior/Facade/Window,3854396.1500000004
LEHMAN VILLAGE,283759881.11,622,456205.5966398714,Apartments,123473187.21,Heating,49611046.73,Building Exterior/Facade/Window,40157033.67
LENOX ROAD-ROCKAWAY PARKWAY,38432788.96,74,519362.012972973,Apartments,15521625.86,Heating,6290335.55,Building Exterior/Facade/Window,4052011.6900000004
LEXINGTON,212552760.41,448,474448.12591517856,Apartments,72326019.29,Heating,46858275.69,Plumbing,22101089.27
LINCOLN,621474590.6,1286,483261.734525661,Apartments,247797358.33,Heating,99778463.05000001,Plumbing,69495827.69
LONG ISLAND BAPTIST HOUSES,97162569.45,232,418804.17866379314,Apartments,41146031.98,Building Exterior/Facade/Window,9265429.37,Elevators,8779882.14
LONGFELLOW AVENUE REHAB,45612400.54,75,608165.3405333334,Apartments,18743406.28,Building Exterior/Facade/Window,10479795.450000001,Heating,3866903.2800000003
LOW HOUSES,257605258.87,536,480606.82625,Apartments,108070895.78,Heating,42671175.36,Building Exterior/Facade/Window,32285028.62
LOWER EAST SIDE I INFILL,93188841.38,189,493062.6528042328,Apartments,34202123.07,Building Exterior/Facade/Window,18597975.92,Heating,9695497.4
LOWER EAST SIDE II,90740026.16,188,482659.7136170213,Apartments,38716878.36,Heating,19342876.88,Roofs,9201317.6
LOWER EAST SIDE III,34659195.1,56,618914.1982142858,Apartments,12393058.64,Building Exterior/Facade/Window,9832315.18,Roofs,2883767.72
LOWER EAST SIDE REHAB (GROUP 5),28138309.09,55,511605.6198181818,Apartments,11034522.85,Building Exterior/Facade/Window,4095975.81,Elevators,2427840.5
MANHATTANVILLE,554583841.4,1272,435993.5860062893,Apartments,239479887.45,Heating,131768721.7,Building Exterior/Facade/Window,53449962.68
MARBLE HILL,661024751.18,1682,392999.2575386444,Apartments,278007002.45,Building Exterior/Facade/Window,90387755.43,Heating,74786994.48
MARCY,1071881845.1,1717,624275.9726849155,Apartments,264416927.72,Plumbing,192319313.29,Heating,189120699.93
MARINER'S HARBOR,384983887.15999997,607,634240.3412850082,Apartments,119425097.49,Heating,91588320.71,Building Exterior/Facade/Window,36830723.91
MARLBORO,950352060.35,1765,538443.0936827195,Apartments,332670436.32,Heating,159789888.4,Plumbing,151055010.72
MCKINLEY,290131834.05,619,468710.555815832,Apartments,122096505.72,Heating,56652556.56,Building Exterior/Facade/Window,42616067.62
MELROSE,507271042.8,1023,495866.1219941349,Apartments,190976296.99,Heating,105560005.8,Plumbing,54451770.55
MELTZER TOWER,80174253.28,231,347074.68952380953,Apartments,26776579.16,Heating,23722513.57,Building Exterior/Facade/Window,10205332.15
METRO NORTH PLAZA,130216964.19,275,473516.23341818183,Apartments,56167922.76,Building Exterior/Facade/Window,17647156.529999997,Heating,17567502.16
MIDDLETOWN PLAZA,60424934.38999999,179,337569.46586592175,Apartments,30124306.439999998,Heating,8557202.29,Common Areas/Lobbies,4994636.46
MILL BROOK,529724713.12,1255,422091.404876494,Apartments,264578866.31,Heating,89074779.07,Common Areas/Lobbies,32458588.759999998
MILL BROOK EXTENSION,54874764.07,125,438998.11256,Apartments,24921391.52,Heating,8821614.69,Building Exterior/Facade/Window,8376488.59
MITCHEL,725750131.13,1732,419024.32513279445,Apartments,298377429.25,Heating,179213748.9,Building Exterior/Facade/Window,97331673.78
MONROE,512548021.83,1102,465107.0978493648,Apartments,223191003.35999998,Heating,81358966.85000001,Common Areas/Lobbies,36863776.85
MOORE,189315266.31,463,408888.2641684665,Apartments,85758479.44,Heating,32827643.799999997,Building Exterior/Facade/Window,24206191.66
MORRIS I,534566297.32,1085,492687.8316313364,Apartments,223193268.96,Heating,102558515.55,Building Exterior/Facade/Window,74013566.19
MORRIS II,350437209.57,802,436954.1266458853,Apartments,154558670,Heating,59034487.470000006,Building Exterior/Facade/Window,47341176.76
MORRIS PARK SENIOR CITIZENS HOME,39008763.81,97,402152.20422680414,Apartments,14459171.07,Interior Electrical/Lighting,5921464.65,Heating,4537517.25
MORRISANIA,94555452.99000001,206,459007.0533495146,Apartments,40778190.910000004,Building Exterior/Facade/Window,16319537.33,Heating,12212230.879999999
MORRISANIA AIR RIGHTS,332366977.99,843,394266.8778054567,Apartments,161973109.73000002,Heating,59638423.379999995,Common Areas/Lobbies,24962388.56
MOTT HAVEN,450935266.43,993,454114.06488418934,Apartments,200487112.25,Heating,67003149.62,Building Exterior/Facade/Window,61556546.73
NEW LANE AREA,98171966.64,277,354411.4319133574,Apartments,44273424.61,Heating,28591326.41,Common Areas/Lobbies,7002374.56
NOSTRAND,606873755.14,1148,528635.6752090593,Apartments,205578876.35,Heating,118823115.63000001,Building Exterior/Facade/Window,55897772.449999996
O'DWYER GARDENS,241402345.32,573,421295.5415706806,Apartments,105671111.5,Building Exterior/Facade/Window,31040459.21,Heating,30239427.080000002
OCEAN BAY APARTMENTS (OCEANSIDE),237465978.83,418,568100.4278229666,Apartments,74357508.93,Building Exterior/Facade/Window,40880955.019999996,Heating,29710499.009999998
OCEAN HILL APARTMENTS,123652159.52,238,519546.8887394958,Apartments,45613374.239999995,Heating,23408756.12,Building Exterior/Facade/Window,17659616.41
OCEAN HILL-BROWNSVILLE,55817461.2,125,446539.68960000004,Apartments,24736034.62,Building Exterior/Facade/Window,7095417.85,Heating,5926098.7
PARK ROCK REHAB,68959689.4,134,514624.54776119406,Apartments,28353846.22,Building Exterior/Facade/Window,7263551.79,Interior Electrical/Lighting,7157508.29
PARKSIDE,464010411.43,879,527884.4271103527,Apartments,161417152.45,Building Exterior/Facade/Window,77594742.27,Heating,62750040.17
PATTERSON,727512591.03,1791,406204.6851088777,Apartments,355799197.42,Heating,86985990.78,Building Exterior/Facade/Window,65767948.82
PELHAM PARKWAY,676493006.77,1266,534354.6656951027,Apartments,220788482.2,Heating,100776508.38,Building Exterior/Facade/Window,77585481.71000001
PINK,694700627.65,1500,463133.75176666665,Apartments,282981084,Building Exterior/Facade/Window,123907545.19,Heating,114463689.75999999
POLO GROUNDS TOWERS,648982241.36,1614,402095.56465923175,Apartments,280358444.49,Heating,115896803.59,Building Exterior/Facade/Window,57544516.69
POMONOK,1094723758.93,2071,528596.6967310478,Apartments,359018681.04,Plumbing,245471688.17999998,Heating,164953134.12
QUEENSBRIDGE NORTH,793750572.23,1543,514420.33197018795,Apartments,228065171.39,Heating,172292996.3,Plumbing,113323107.41
QUEENSBRIDGE SOUTH,853545926.4699999,1604,532135.864382793,Apartments,253917478.17999998,Heating,171249433.41,Plumbing,115590064.1
RALPH AVENUE REHAB,65377980.92,118,554050.6857627119,Apartments,23960659.41,Building Exterior/Facade/Window,11691143.06,Interior Electrical/Lighting,6146681.55
RANDALL AVENUE-BALCOM AVENUE,121179880.17,252,480872.54035714286,Apartments,40617352.54,Heating,22122996.110000003,Plumbing,13366725.32
RANGEL,552162969.57,984,561141.2292378049,Apartments,186546602.78,Heating,94320984.43,Building Exterior/Facade/Window,72450797.2
RAVENSWOOD,1154963579.06,2166,533224.1823915051,Apartments,401939564.04,Heating,185239950.70000002,Building Exterior/Facade/Window,161969624.15
RED HOOK EAST,718971687.93,1411,509547.61724308995,Apartments,213788608.94,Plumbing,123980661.67,Heating,113136227.36
RED HOOK WEST,762267576.05,1480,515045.6594932432,Apartments,236764649.81,Plumbing,179145918.24,Heating,100898855.21
REDFERN,322315461.93,604,533634.8707450331,Apartments,120201537.36999999,Heating,43742790.94,Building Exterior/Facade/Window,33338494.639999997
REHAB PROGRAM (COLLEGE POINT),10431094.370000001,13,802391.8746153847,Apartments,2268492.99,Plumbing,1696857.16,Building Exterior/Facade/Window,1638502.24
REHAB PROGRAM (DOUGLASS REHABS),61002254.64,112,544662.9878571428,Apartments,19066343.17,Building Exterior/Facade/Window,14758075.29,Interior Electrical/Lighting,5439001.1899999995
REHAB PROGRAM (TAFT REHABS),89172374.74,156,571617.7867948718,Apartments,30226396.56,Building Exterior/Facade/Window,18316588.15,Heating,7668821.98
REHAB PROGRAM (WISE REHAB),21125588.37,40,528139.7092500001,Apartments,7670124.65,Building Exterior/Facade/Window,3913386.78,Heating,2823875.97
REID APARTMENTS,83892440.45,230,364749.7410869565,Apartments,37682954.54,Heating,16389554.18,Common Areas/Lobbies,7146187.02
RICHMOND TERRACE,259315483.15,489,530297.5115541923,Apartments,82549601.95,Heating,50989511.74,Building Exterior/Facade/Window,39897624.06
RIIS,638294546.68,1191,535931.6093031066,Apartments,211440298.49,Heating,123308044.6,Building Exterior/Facade/Window,97239321
RIIS II,302553248.04,578,523448.5260207613,Apartments,104089928.2,Heating,59877087.88,Building Exterior/Facade/Window,43578166.27
ROBBINS PLAZA,51663429.26,150,344422.8617333333,Apartments,23117002.73,Heating,7346739.510000001,Building Exterior/Facade/Window,6877931.67
ROBINSON,83941300.49,189,444133.865026455,Apartments,37182894.33,Building Exterior/Facade/Window,9539958.55,Heating,6917369.58
ROOSEVELT I,367751124.84999996,763,481980.5043905635,Apartments,156668715.57,Heating,83197205.1,Building Exterior/Facade/Window,52973094.019999996
ROOSEVELT II,166943584.38,342,488139.13561403507,Apartments,64981640.76,Heating,33523425.55,Building Exterior/Facade/Window,21864160.8
RUTGERS,305307695.61,721,423450.3406518724,Apartments,112654471.19999999,Heating,70749586.87,Building Exterior/Facade/Window,48645817.71
RUTLAND TOWERS,24702713.68,61,404962.5193442623,Apartments,10943200.58,Heating,2880270.1300000004,Building Exterior/Facade/Window,2276767.7399999998
SACK WERN,184344659.9,413,446355.10871670704,Apartments,85345454.39,Heating,29350790.28,Building Exterior/Facade/Window,16481263.42
SAINT MARY'S PARK,462863999.97,1007,459646.4746474678,Apartments,185542981.46,Heating,104316904.7,Building Exterior/Facade/Window,63462870.65
SAINT NICHOLAS,769725982.04,1526,504407.58980340755,Apartments,297004532.69,Heating,151313332.84,Building Exterior/Facade/Window,108993735.96000001
SAMUEL (CITY),386187424.89,664,581607.5676054216,Apartments,119448748.68,Heating,101133985.78,Building Exterior/Facade/Window,48536918.95
SARATOGA VILLAGE,56845015.309999995,125,454760.12247999996,Apartments,24843458.939999998,Heating,8866544.67,Building Exterior/Facade/Window,8138742.8
SEDGWICK,395626184.96,786,503341.20223918575,Apartments,138777776.44,Heating,81112349.91,Building Exterior/Facade/Window,50104067.71
SEWARD PARK EXTENSION,176625033.95000002,360,490625.0943055556,Apartments,70797450.93,Heating,37293034.44,Building Exterior/Facade/Window,23873819.62
SHEEPSHEAD BAY,598037146,1056,566323.0549242424,Apartments,193714189.92000002,Heating,109186964.98,Plumbing,64349362.58
SHELTON HOUSE,56907239.15,155,367143.4783870968,Apartments,26854389.22,Heating,10940454.680000002,Building Exterior/Facade/Window,3996464.9299999997
SMITH,804062823.23,1935,415536.342754522,Apartments,370159600.2,Heating,159275940.73,Plumbing,66995358.92
SOTOMAYOR HOUSES,841624731.34,1497,562207.5693653974,Apartments,307571917.57,Heating,132802210.74000001,Building Exterior/Facade/Window,73361679.05
SOUNDVIEW,594130067.01,1259,471906.3280460683,Apartments,222716896.06,Heating,100292339.03,Plumbing,56617567.93
SOUTH BEACH,283912772.9,422,672779.0827014217,Apartments,73813919.58,Heating,43612131.94,Building Exterior/Facade/Window,42595726.61
SOUTH BRONX AREA (SITE 402),69756215.76,114,611896.6294736842,Apartments,28076576.83,Roofs,13473521.35,Heating,8018193.33
SOUTH JAMAICA I,233973980.03,448,522263.34828125,Apartments,64559318.36,Safety And Security,37636675.3,Heating,35642401.35
SOUTH JAMAICA II,302448062.52,600,504080.10419999994,Apartments,93408804.26,Heating,46819523.44,Building Exterior/Facade/Window,34965172.55
STANTON STREET,11481523.96,13,883194.1507692308,Building Exterior/Facade/Window,3261654.35,Apartments,2867514.61,Elevators,1463313.69
STAPLETON,451039283.66,693,650850.3371717172,Heating,164209612.08,Apartments,137905544.7,Building Exterior/Facade/Window,42390397.1
STEBBINS AVENUE-HEWITT PLACE,61970352.949999996,120,516419.6079166666,Apartments,23721968.77,Building Exterior/Facade/Window,9119319.459999999,Heating,8495862.43
STERLING PLACE REHABS (SAINT JOHNS-STERLING),56275060.51,83,678012.7772289156,Apartments,16181915.79,Building Exterior/Facade/Window,12074293.309999999,Roofs,10949010.49
STERLING PLACE REHABS (STERLING-BUFFALO),61985511.67,125,495884.09336,Apartments,27345071.66,Heating,8167770.08,Building Exterior/Facade/Window,7334261.13
STRAUS,129844997.17999999,267,486310.8508614232,Apartments,42186190.61,Heating,40542228.54,Building Exterior/Facade/Window,15938570.69
STUYVESANT GARDENS I,166438348.07,331,502834.888429003,Apartments,69691340.41,Heating,26652415.14,Building Exterior/Facade/Window,21699946.38
STUYVESANT GARDENS II,66531462.82,150,443543.0854666667,Apartments,23833846.15,Heating,19278274.16,Building Exterior/Facade/Window,6025644.85
SUMNER,505175433.09,1099,459668.2739672429,Apartments,206766765.1,Heating,99473221.04,Elevators,39080133.7
SURFSIDE GARDENS,253031368.06000003,600,421718.9467666667,Apartments,116160616.52000001,Heating,42997127.330000006,Building Exterior/Facade/Window,39115600.74
SUTTER AVENUE-UNION STREET,80890471.39,100,808904.7139,Apartments,18433014.700000003,Plumbing,14112801.26,Heating,12721106.700000001
TAFT,613212623.03,1470,417151.4442380952,Apartments,246704130.83,Building Exterior/Facade/Window,99434845.24000001,Heating,94273339.41
TAPSCOTT STREET REHAB,87320981.5,155,563361.170967742,Apartments,30593286.23,Building Exterior/Facade/Window,24384485.28,Interior Electrical/Lighting,8106804.069999999
TAYLOR STREET-WYTHE AVENUE,231330488.06,525,440629.5010666667,Apartments,86094268.24,Heating,39590593.6,Building Exterior/Facade/Window,30736223.52
TELLER AVENUE-EAST 166TH STREET,40910166.410000004,90,454557.4045555556,Apartments,18047291.84,Heating,6403179.49,Building Exterior/Facade/Window,4555957.45
THOMAS APARTMENTS,37009334.410000004,87,425394.64839080465,Apartments,13925681.32,Heating,10538943.32,Building Exterior/Facade/Window,4194725.37
THROGGS NECK,782727693.85,1185,660529.6994514768,Apartments,238282404.55,Heating,130187563.5,Plumbing,83998656.16
THROGGS NECK ADDITION,134151406.99,287,467426.5051916376,Apartments,54255881.92,Heating,16073419.25,Grounds,13541032.23
TILDEN,454975557.91,998,455887.3325751503,Apartments,188679646.96,Heating,75939190.35000001,Building Exterior/Facade/Window,74799281.83
TODT HILL,268985775.61,502,535828.2382669323,Apartments,94076021.31,Building Exterior/Facade/Window,42286947.35,Heating,36243452.629999995
TOMPKINS,493254702.85,1046,471562.8134321224,Apartments,176727214.03,Heating,108253391.6,Building Exterior/Facade/Window,72950651.08
TWIN PARKS EAST (SITE 9),82286596.11,219,375737.8817808219,Apartments,37883699.5,Heating,15914630.93,Building Exterior/Facade/Window,6099957.12
TWO BRIDGES URA (SITE 7),97557014.76,250,390228.05904,Apartments,47140456.97,Heating,12736588.99,Building Exterior/Facade/Window,10930625.17
UNION AVENUE-EAST 163RD STREET,67414111.57,200,337070.55785,Apartments,32816420.54,Heating,14513478.43,Common Areas/Lobbies,4222524.61
UNION AVENUE-EAST 166TH STREET,71735675.94,120,597797.2995,Apartments,26485550.56,Roofs,11479799.71,Heating,8783232.11
"UNITY PLAZA (SITES 17,24,25A)",81302191.55,167,486839.4703592814,Apartments,36442853.49,Heating,11925800.74,Common Areas/Lobbies,5350084.55
UNITY PLAZA (SITES 4-27),216474608.99,462,468559.75971861475,Apartments,91186801.83,Heating,32970729.240000002,Elevators,19023077.97
UNIVERSITY AVENUE REHAB,136941621.92,230,595398.356173913,Apartments,43005580.5,Heating,23826105.34,Plumbing,18354005.5
UPACA (SITE 5),64638485.21,200,323192.42605,Apartments,33577590.46,Heating,7558736,Common Areas/Lobbies,4580054.18
UPACA (SITE 6),54631268.51,150,364208.4567333333,Apartments,24369360.189999998,Heating,7105897.79,Building Exterior/Facade/Window,6440779.26
VAN DYKE I,730016581.35,1603,455406.4762008734,Apartments,273392246.39,Heating,111472677.99,Building Exterior/Facade/Window,76102820.05
VAN DYKE II,41896229.980000004,112,374073.4819642858,Apartments,18988996.060000002,Building Exterior/Facade/Window,5446417.93,Heating,4267330.11
VANDALIA AVENUE,121597040.5,293,415006.96416382253,Apartments,52084687.87,Heating,21412404.47,Building Exterior/Facade/Window,13477058.07
VLADECK,747885540.05,1531,488494.8008164598,Apartments,239902390.65,Heating,158240774.7,Building Exterior/Facade/Window,118506358.99
VLADECK II,146036372.1,240,608484.8837499999,Apartments,39275680.29,Heating,25026705.33,Building Exterior/Facade/Window,21631265.3
WAGNER,1322965600.17,2162,611917.4838899168,Heating,428929032.18,Apartments,419474428.55,Building Exterior/Facade/Window,179434423.47
WALD,958277135.48,1861,514925.91911875334,Apartments,341190102.42,Heating,192784269.7,Building Exterior/Facade/Window,135644701.01000002
WASHINGTON,726699885.68,1515,479669.89153795375,Apartments,283310694.26,Heating,147668343.35,Building Exterior/Facade/Window,78718191.42
WEBSTER,280764124.75,606,463307.1365511551,Apartments,125139101.5,Heating,43200333.75,Building Exterior/Facade/Window,42786480.7
WEST BRIGHTON I,264073450.88,490,538925.4099591837,Apartments,92344206.25,Heating,57237201.63,Building Exterior/Facade/Window,44286893.87
WEST BRIGHTON II,73681459.3,144,511676.80069444445,Building Exterior/Facade/Window,19587659.08,Apartments,16942251.12,Heating,15195164.04
WEST FARMS ROAD REHAB,101261045.63,208,486831.95014423074,Apartments,38539400.68,Building Exterior/Facade/Window,20650770.68,Elevators,10243195.83
WEST FARMS SQUARE CONVENTIONAL,11078487.89,20,553924.3945,Apartments,3856840.86,Building Exterior/Facade/Window,3525665.38,Heating,930250.06
WEST TREMONT AVENUE-SEDGWICK AVENUE AREA,58924456.59,148,398138.22020270274,Apartments,24329025.3,Heating,16006227.48,Building Exterior/Facade/Window,5555464.61
WHITE,94669795.17,248,381733.0450403226,Apartments,37429589.2,Heating,25587165.3,Building Exterior/Facade/Window,10283973.399999999
WHITMAN,933894048.14,1659,562925.8879686558,Apartments,268835624.48,Plumbing,194340194.42,Heating,122167298.71000001
WILSON,189544324.6,398,476242.0216080402,Apartments,84554280.17,Building Exterior/Facade/Window,29801503.82,Heating,28910486.48
WOODSIDE,800405515.58,1357,589834.5730140015,Apartments,238921395.48000002,Building Exterior/Facade/Window,119006484.51,Heating,108103578.9
WOODSON,163542238.17000002,407,401823.68100737105,Apartments,65642203.17,Heating,48689970.34,Building Exterior/Facade/Window,14522387.77
WSUR (BROWNSTONES),177534292.71,236,752263.952161017,Building Exterior/Facade/Window,55481272.25,Apartments,38015775.449999996,Heating,25993456
WSUR (SITE A) 120 WEST 94TH STREET,36805844.08,70,525797.7725714286,Apartments,13136342.61,Heating,8380862.03,Building Exterior/Facade/Window,4892984.64
WSUR (SITE B) 74 WEST 92ND STREET,71784483.74,168,427288.59369047615,Apartments,31990055.91,Heating,11867160.25,Building Exterior/Facade/Window,6829008.91
WSUR (SITE C) 589 AMSTERDAM AVENUE,66311919.08,158,419695.69037974684,Apartments,31788619.18,Building Exterior/Facade/Window,9693687.52,Heating,7348975.46
WYCKOFF GARDENS,208694971.35,529,394508.4524574669,Apartments,100925582.13,Heating,38108620.08,Building Exterior/Facade/Window,25408656.75
