development,x_need_20,cap_per_unit,BOROUGH,total_number_of_apartments,layer,long,lat,cat_1,cat_1_amt,cat_2,cat_2_amt,cat_3,cat_3_amt,cap_rank,cap_unit_rank
WAGNER,1322965600.17,611917.4838899168,MANHATTAN,2162,NYCHA,-73.93210245056471,40.7996925644052,Heating,428929032.18,Apartments,419474428.55,Building Exterior/Facade/Window,179434423.47,1,21
RAVENSWOOD,1154963579.06,533224.1823915051,QUEENS,2166,NYCHA,-73.93545872460469,40.761285241668986,Apartments,401939564.04,Heating,185239950.70000002,Building Exterior/Facade/Window,161969624.15,2,63
EDENWALD,1119292625.9,548941.9450220697,BRONX,2039,PACT,-73.84514591105803,40.88581744498474,Apartments,412294194.93,Heating,174721531.04,Plumbing,133040036.22,3,50
POMONOK,1094723758.93,528596.6967310478,QUEENS,2071,NYCHA,-73.81266951682342,40.733408043889284,Apartments,359018681.04,Plumbing,245471688.17999998,Heating,164953134.12,4,69
MARCY,1071881845.1,624275.9726849155,BROOKLYN,1717,NYCHA,-73.95132745139489,40.697613010625965,Apartments,264416927.72,Plumbing,192319313.29,Heating,189120699.93,5,16
BREUKELEN,998475334.26,626003.3443636363,BROOKLYN,1595,NYCHA,-73.8944170836516,40.650966135534475,Apartments,293928552.81,Plumbing,132539410.03,Heating,127077510.9,6,15
WALD,958277135.48,514925.91911875334,MANHATTAN,1861,NYCHA,-73.97638639819723,40.7206986979863,Apartments,341190102.42,Heating,192784269.7,Building Exterior/Facade/Window,135644701.01000002,7,85
MARLBORO,950352060.35,538443.0936827195,BROOKLYN,1765,NYCHA,-73.98100489687054,40.59188009409456,Apartments,332670436.32,Heating,159789888.4,Plumbing,151055010.72,8,56
WHITMAN,933894048.14,562925.8879686558,BROOKLYN,1659,NYCHA,-73.9750555854454,40.69453709237827,Apartments,268835624.48,Plumbing,194340194.42,Heating,122167298.71000001,9,41
INGERSOLL,917327640.07,498547.63047282613,BROOKLYN,1840,NYCHA,-73.9799006960096,40.69512332921818,Apartments,319899097.05,Building Exterior/Facade/Window,124396396.11,Plumbing,121577054.17,10,100
GRANT,914162060.67,471217.5570463917,MANHATTAN,1940,NYCHA,-73.95694850836102,40.812742470866006,Apartments,399269180.84,Heating,151258031.37,Plumbing,111162439.14999999,11,139
JEFFERSON,895653639.26,599901.9686939049,MANHATTAN,1493,NYCHA,-73.9388352770136,40.79539165144173,Apartments,293961321.75,Heating,191306858.24,Plumbing,109596734.81,12,25
QUEENSBRIDGE SOUTH,853545926.4699999,532135.864382793,QUEENS,1604,NYCHA,-73.94665865141597,40.75513829144088,Apartments,253917478.17999998,Heating,171249433.41,Plumbing,115590064.1,13,64
SOTOMAYOR HOUSES,841624731.34,562207.5693653974,BRONX,1497,NYCHA,-73.86699447839506,40.82647287570771,Apartments,307571917.57,Heating,132802210.74000001,Building Exterior/Facade/Window,73361679.05,14,42
CASTLE HILL,835708766.98,412695.6873975309,BRONX,2025,NYCHA,-73.84814284629282,40.81876573722927,Apartments,323702985.61,Heating,131461406.56,Building Exterior/Facade/Window,122355416.25,15,215
SMITH,804062823.23,415536.342754522,MANHATTAN,1935,NYCHA,-73.99869426146039,40.71035435213262,Apartments,370159600.2,Heating,159275940.73,Plumbing,66995358.92,16,209
BARUCH,801318732.24,365231.87431175937,MANHATTAN,2194,NYCHA,-73.97778853690212,40.71744930263594,Apartments,363846292.88,Building Exterior/Facade/Window,140052838.79,Heating,67189061.02,17,247
WOODSIDE,800405515.58,589834.5730140015,QUEENS,1357,NYCHA,-73.9099433021618,40.75563370862132,Apartments,238921395.48000002,Building Exterior/Facade/Window,119006484.51,Heating,108103578.9,18,29
QUEENSBRIDGE NORTH,793750572.23,514420.33197018795,QUEENS,1543,NYCHA,-73.9442545963525,40.75589331423866,Apartments,228065171.39,Heating,172292996.3,Plumbing,113323107.41,19,87
THROGGS NECK,782727693.85,660529.6994514768,BRONX,1185,NYCHA,-73.82383052416102,40.82172005261137,Apartments,238282404.55,Heating,130187563.5,Plumbing,83998656.16,20,12
KING TOWERS,780164645.86,565746.6612472807,MANHATTAN,1379,NYCHA,-73.94917948706956,40.79970375586766,Heating,275423481.01,Apartments,223720580.18,Building Exterior/Facade/Window,88993804.74,21,39
SAINT NICHOLAS,769725982.04,504407.58980340755,MANHATTAN,1526,NYCHA,-73.947947741778,40.81212225445939,Apartments,297004532.69,Heating,151313332.84,Building Exterior/Facade/Window,108993735.96000001,22,94
RED HOOK WEST,762267576.05,515045.6594932432,BROOKLYN,1480,NYCHA,-74.00819148844182,40.67594403311139,Apartments,236764649.81,Plumbing,179145918.24,Heating,100898855.21,23,84
VLADECK,747885540.05,488494.8008164598,MANHATTAN,1531,NYCHA,-73.98225282141877,40.712527362365805,Apartments,239902390.65,Heating,158240774.7,Building Exterior/Facade/Window,118506358.99,24,112
BROWNSVILLE,737968447.28,551545.9247234678,BROOKLYN,1338,NYCHA,-73.90787039319494,40.66572535843999,Apartments,244601243.17,Heating,112801619.09,Building Exterior/Facade/Window,111664981.67,25,49
VAN DYKE I,730016581.35,455406.4762008734,BROOKLYN,1603,NYCHA,-73.90441004442972,40.665703477315255,Apartments,273392246.39,Heating,111472677.99,Building Exterior/Facade/Window,76102820.05,26,162
PATTERSON,727512591.03,406204.6851088777,BRONX,1791,NYCHA,-73.92377764424477,40.813908513497516,Apartments,355799197.42,Heating,86985990.78,Building Exterior/Facade/Window,65767948.82,27,220
WASHINGTON,726699885.68,479669.89153795375,MANHATTAN,1515,NYCHA,-73.94620147261188,40.787517747068655,Apartments,283310694.26,Heating,147668343.35,Building Exterior/Facade/Window,78718191.42,28,126
MITCHEL,725750131.13,419024.32513279445,BRONX,1732,NYCHA,-73.92580971408468,40.80910634635738,Apartments,298377429.25,Heating,179213748.9,Building Exterior/Facade/Window,97331673.78,29,205
RED HOOK EAST,718971687.93,509547.61724308995,BROOKLYN,1411,NYCHA,-74.00427495934414,40.67524247546045,Apartments,213788608.94,Plumbing,123980661.67,Heating,113136227.36,30,92
PINK,694700627.65,463133.75176666665,BROOKLYN,1500,NYCHA,-73.8651061018998,40.66741753057712,Apartments,282981084,Building Exterior/Facade/Window,123907545.19,Heating,114463689.75999999,31,150
FOREST,687991882.98,509623.61702222226,BRONX,1350,NYCHA,-73.90374166763978,40.82474085850868,Apartments,260543578.57,Heating,139641695.6,Building Exterior/Facade/Window,100770452.57000001,32,91
PELHAM PARKWAY,676493006.77,534354.6656951027,BRONX,1266,NYCHA,-73.86094722789662,40.86057035460454,Apartments,220788482.2,Heating,100776508.38,Building Exterior/Facade/Window,77585481.71000001,33,61
BAY VIEW,665420447.71,413304.62590683234,BROOKLYN,1610,NYCHA,-73.88597360698486,40.63334422547736,Apartments,314074216.6,Heating,146528704.08,Common Areas/Lobbies,42337092.64,34,214
GLENWOOD,663852633.73,558798.5132407408,BROOKLYN,1188,NYCHA,-73.92086417879312,40.634956046387224,Apartments,215473860.09,Heating,122963421.9,Building Exterior/Facade/Window,81252411.64,35,46
MARBLE HILL,661024751.18,392999.2575386444,BRONX,1682,NYCHA,-73.90762230828715,40.87549835050596,Apartments,278007002.45,Building Exterior/Facade/Window,90387755.43,Heating,74786994.48,36,233
POLO GROUNDS TOWERS,648982241.36,402095.56465923175,MANHATTAN,1614,NYCHA,-73.93782416224423,40.83099949846871,Apartments,280358444.49,Heating,115896803.59,Building Exterior/Facade/Window,57544516.69,37,223
CYPRESS HILLS,646178891.34,447492.3070221607,BROOKLYN,1444,NYCHA,-73.8723681313539,40.670071729836096,Apartments,278426744.12,Heating,70595943.59,Building Exterior/Facade/Window,62031694.019999996,38,170
JOHNSON,643158827.33,490960.9368931298,MANHATTAN,1310,NYCHA,-73.94300564006592,40.796941875471546,Apartments,251465172.14000002,Heating,101650342.91,Plumbing,69600692.17,39,109
GOWANUS,639337526.26,561314.7728358209,BROOKLYN,1139,NYCHA,-73.98855166341436,40.68345578083693,Apartments,211291153.62,Heating,100317553.96000001,Plumbing,98798945.97,40,43
RIIS,638294546.68,535931.6093031066,MANHATTAN,1191,NYCHA,-73.97400210974537,40.724898680070716,Apartments,211440298.49,Heating,123308044.6,Building Exterior/Facade/Window,97239321,41,59
LINCOLN,621474590.6,483261.734525661,MANHATTAN,1286,NYCHA,-73.93679316409866,40.81105091125458,Apartments,247797358.33,Heating,99778463.05000001,Plumbing,69495827.69,42,120
ASTORIA,617983827.18,559767.9594021739,QUEENS,1104,NYCHA,-73.93496910362443,40.773598747009686,Apartments,227417223.54,Plumbing,104907051.08,Heating,81779669.86999999,43,45
TAFT,613212623.03,417151.4442380952,MANHATTAN,1470,NYCHA,-73.94605364278442,40.798391623075105,Apartments,246704130.83,Building Exterior/Facade/Window,99434845.24000001,Heating,94273339.41,44,208
NOSTRAND,606873755.14,528635.6752090593,BROOKLYN,1148,NYCHA,-73.9368033153401,40.59653484835304,Apartments,205578876.35,Heating,118823115.63000001,Building Exterior/Facade/Window,55897772.449999996,45,68
SHEEPSHEAD BAY,598037146,566323.0549242424,BROOKLYN,1056,NYCHA,-73.93962676916806,40.5962278287918,Apartments,193714189.92000002,Heating,109186964.98,Plumbing,64349362.58,46,38
SOUNDVIEW,594130067.01,471906.3280460683,BRONX,1259,NYCHA,-73.86757704430967,40.81692150299922,Apartments,222716896.06,Heating,100292339.03,Plumbing,56617567.93,47,137
BUTLER,593511440.79,397795.8718431635,BRONX,1492,NYCHA,-73.90667661676311,40.835998639545345,Apartments,273321231.49,Heating,117670267.3,Building Exterior/Facade/Window,57983469.599999994,48,226
BRONX RIVER,592830365.08,475786.8098555378,BRONX,1246,NYCHA,-73.87664616778645,40.83498217807531,Apartments,244834549.03,Heating,82533300.95,Building Exterior/Facade/Window,62481823.1,49,131
DOUGLASS I,585632016.58,448760.1659616859,MANHATTAN,1305,NYCHA,-73.96439350202715,40.796801085504775,Apartments,241391878.08,Heating,92643401.06,Building Exterior/Facade/Window,74888938.81,50,169
KINGSBOROUGH,565994349.67,485832.0598025751,BROOKLYN,1165,NYCHA,-73.9246717764602,40.67552950902526,Apartments,173685480.75,Heating,88333438.42,Building Exterior/Facade/Window,86136692.93,51,118
CARVER,555922541.09,446165.7633146068,MANHATTAN,1246,NYCHA,-73.95045458122266,40.79096057711392,Apartments,236786859.96,Building Exterior/Facade/Window,91372626.46,Heating,81380668.99000001,52,173
MANHATTANVILLE,554583841.4,435993.5860062893,MANHATTAN,1272,PACT,-73.95540696963428,40.81681460203438,Apartments,239479887.45,Heating,131768721.7,Building Exterior/Facade/Window,53449962.68,53,184
EAST RIVER,554513944.04,473943.54191452987,MANHATTAN,1170,NYCHA,-73.94005848006421,40.78753769487268,Apartments,205727570.66,Heating,90882675.41,Plumbing,69046109.86,54,134
RANGEL,552162969.57,561141.2292378049,MANHATTAN,984,NYCHA,-73.93647563226638,40.83321863691949,Apartments,186546602.78,Heating,94320984.43,Building Exterior/Facade/Window,72450797.2,55,44
AMSTERDAM,539820244.47,497989.15541512915,MANHATTAN,1084,NYCHA,-73.98733942515167,40.77305920661496,Apartments,204995970,Building Exterior/Facade/Window,85301133.63000001,Plumbing,70321622.36,56,101
BUSHWICK,539434063.83,442159.0687131148,BROOKLYN,1220,NYCHA,-73.93911753253057,40.70276018203246,Apartments,222652022.81,Heating,126381950.1,Plumbing,39197233.25,57,177
MORRIS I,534566297.32,492687.8316313364,BRONX,1085,NYCHA,-73.90536056461144,40.834260112119914,Apartments,223193268.96,Heating,102558515.55,Building Exterior/Facade/Window,74013566.19,58,107
MILL BROOK,529724713.12,422091.404876494,BRONX,1255,NYCHA,-73.91797440916727,40.80537669931,Apartments,264578866.31,Heating,89074779.07,Common Areas/Lobbies,32458588.759999998,59,198
BREVOORT,524433741.46999997,585305.5150334821,BROOKLYN,896,NYCHA,-73.92385970805277,40.680374083883464,Apartments,178757218.1,Building Exterior/Facade/Window,71949689.42,Heating,62605727.83,60,31
MONROE,512548021.83,465107.0978493648,BRONX,1102,NYCHA,-73.86504753500863,40.82262320797909,Apartments,223191003.35999998,Heating,81358966.85000001,Common Areas/Lobbies,36863776.85,61,147
LA GUARDIA,511252949.62,467324.4512065814,MANHATTAN,1094,NYCHA,-73.98736592809612,40.71220226782666,Apartments,175127417.32999998,Heating,112964984.8,Building Exterior/Facade/Window,81608121.25,62,145
DREW-HAMILTON,508585139.32,417900.689663106,MANHATTAN,1217,NYCHA,-73.94199296843108,40.8205216302909,Apartments,214486062.87,Heating,125571881.19,Building Exterior/Facade/Window,51670378.37,63,207
MELROSE,507271042.8,495866.1219941349,BRONX,1023,NYCHA,-73.91954445546189,40.820771253797425,Apartments,190976296.99,Heating,105560005.8,Plumbing,54451770.55,64,103
FARRAGUT,506685218.79999995,364521.74014388485,BROOKLYN,1390,NYCHA,-73.98221611575764,40.700062406241805,Apartments,265859398.80999997,Heating,73133788.57000001,Common Areas/Lobbies,33601416,65,249
SUMNER,505175433.09,459668.2739672429,BROOKLYN,1099,NYCHA,-73.94051356690422,40.697453956269506,Apartments,206766765.1,Heating,99473221.04,Elevators,39080133.7,66,154
TOMPKINS,493254702.85,471562.8134321224,BROOKLYN,1046,NYCHA,-73.94514950884363,40.69696754021199,Apartments,176727214.03,Heating,108253391.6,Building Exterior/Facade/Window,72950651.08,67,138
DYCKMAN,482365433.05,413337.9889031705,MANHATTAN,1167,NYCHA,-73.92267944189429,40.861154949452846,Apartments,213718219.12,Heating,80654944.50999999,Building Exterior/Facade/Window,62053613.17,68,213
PARKSIDE,464010411.43,527884.4271103527,BRONX,879,NYCHA,-73.86900424830378,40.868671234488616,Apartments,161417152.45,Building Exterior/Facade/Window,77594742.27,Heating,62750040.17,69,72
SAINT MARY'S PARK,462863999.97,459646.4746474678,BRONX,1007,NYCHA,-73.90875864332396,40.81649247606084,Apartments,185542981.46,Heating,104316904.7,Building Exterior/Facade/Window,63462870.65,70,155
TILDEN,454975557.91,455887.3325751503,BROOKLYN,998,NYCHA,-73.90729923413281,40.663592747350094,Apartments,188679646.96,Heating,75939190.35000001,Building Exterior/Facade/Window,74799281.83,71,160
STAPLETON,451039283.66,650850.3371717172,STATEN ISLAND,693,NYCHA,-74.0812804283499,40.62244192843367,Heating,164209612.08,Apartments,137905544.7,Building Exterior/Facade/Window,42390397.1,72,13
MOTT HAVEN,450935266.43,454114.06488418934,BRONX,993,NYCHA,-73.92200235570576,40.81213525214238,Apartments,200487112.25,Heating,67003149.62,Building Exterior/Facade/Window,61556546.73,73,165
FULTON,445849334.13,472298.0234427966,MANHATTAN,944,NYCHA,-74.00454361048659,40.74359027910446,Apartments,177593192.28,Heating,113315590.21000001,Elevators,36582842.25,74,136
ADAMS,415113014.33,448770.8263027027,BRONX,925,NYCHA,-73.90565133002886,40.81661905139458,Apartments,166996194.76999998,Heating,95822380.16,Building Exterior/Facade/Window,56150596.89,75,168
ALBANY,413641865.76,498964.8561640531,BROOKLYN,829,NYCHA,-73.93762411296976,40.67365552118469,Apartments,135698841,Heating,101411454.6,Plumbing,50984281.21,76,99
EASTCHESTER GARDENS,405977612.92,462916.32031927025,BRONX,877,PACT,-73.85221136173537,40.870346159279414,Apartments,165724035.07,Plumbing,56346459.9,Building Exterior/Facade/Window,46409790.02,77,151
COOPER PARK,397668271.9,568097.5312857142,BROOKLYN,700,NYCHA,-73.93845063260979,40.71808260370553,Apartments,136084937.44,Heating,62600451.760000005,Building Exterior/Facade/Window,57788170.96,78,37
JACKSON,396532298.40000004,456834.44516129035,BRONX,868,NYCHA,-73.91825747417118,40.82234089541123,Apartments,178503214.65,Heating,63754335.11,Building Exterior/Facade/Window,57631490.28,79,157
SEDGWICK,395626184.96,503341.20223918575,BRONX,786,NYCHA,-73.92252760362462,40.84661133322032,Apartments,138777776.44,Heating,81112349.91,Building Exterior/Facade/Window,50104067.71,80,97
LAFAYETTE,389352502.16,441442.74621315196,BROOKLYN,882,NYCHA,-73.95865712618938,40.68979711510497,Apartments,176753100.27,Heating,62452960.98,Building Exterior/Facade/Window,58932529.150000006,81,178
SAMUEL (CITY),386187424.89,581607.5676054216,MANHATTAN,664,PACT,-73.93866635143172,40.82000148227651,Apartments,119448748.68,Heating,101133985.78,Building Exterior/Facade/Window,48536918.95,82,32
MARINER'S HARBOR,384983887.15999997,634240.3412850082,STATEN ISLAND,607,NYCHA,-74.16349234994274,40.63185562630146,Apartments,119425097.49,Heating,91588320.71,Building Exterior/Facade/Window,36830723.91,83,14
HOWARD,382399968.88,469202.41580368095,BROOKLYN,815,NYCHA,-73.90927451746185,40.671678370804266,Apartments,138473105.27,Heating,84323694.54,Building Exterior/Facade/Window,40240164.84,84,141
HAMMEL,370051663.85,519735.4829353933,QUEENS,712,NYCHA,-73.80930726985815,40.58881879810362,Apartments,143403444.87,Building Exterior/Facade/Window,70587172.73,Heating,33711439.39,85,78
GUN HILL,369138150.69,503599.11417462485,BRONX,733,NYCHA,-73.86583375232148,40.87605430724171,Apartments,127156588.89,Heating,75829170.03,Building Exterior/Facade/Window,46216194.559999995,86,96
ROOSEVELT I,367751124.84999996,481980.5043905635,BROOKLYN,763,NYCHA,-73.937226151623,40.693278518678596,Apartments,156668715.57,Heating,83197205.1,Building Exterior/Facade/Window,52973094.019999996,87,122
MORRIS II,350437209.57,436954.1266458853,BRONX,802,NYCHA,-73.90374261124546,40.8366445935046,Apartments,154558670,Heating,59034487.470000006,Building Exterior/Facade/Window,47341176.76,88,182
CLINTON,349670462.73,466849.74997329776,MANHATTAN,749,NYCHA,-73.94639044439992,40.79362515888339,Apartments,136764263.85,Heating,77592346.75,Building Exterior/Facade/Window,46270516.7,89,146
BEACH 41ST STREET-BEACH CHANNEL DRIVE,337981033.57,474692.46287921345,QUEENS,712,NYCHA,-73.77296742885069,40.59717366025244,Apartments,143610752.68,Heating,71641871.31,Building Exterior/Facade/Window,35725332.23,90,132
DOUGLASS II,334483272.5,444200.8930942895,MANHATTAN,753,NYCHA,-73.96611832529527,40.797136528338555,Apartments,141025478.75,Heating,53100917.44,Building Exterior/Facade/Window,45973028.14,91,174
MORRISANIA AIR RIGHTS,332366977.99,394266.8778054567,BRONX,843,NYCHA,-73.91772121626202,40.824140662850304,Apartments,161973109.73000002,Heating,59638423.379999995,Common Areas/Lobbies,24962388.56,92,230
REDFERN,322315461.93,533634.8707450331,QUEENS,604,NYCHA,-73.75174680501293,40.61018150912853,Apartments,120201537.36999999,Heating,43742790.94,Building Exterior/Facade/Window,33338494.639999997,93,62
HIGHBRIDGE GARDENS,316793467.1,452562.0958571429,BRONX,700,NYCHA,-73.92942126087233,40.837037358909086,Apartments,108097005.1,Heating,52899324.51,Building Exterior/Facade/Window,31118393.41,94,167
RUTGERS,305307695.61,423450.3406518724,MANHATTAN,721,NYCHA,-73.99108880726088,40.71187378224778,Apartments,112654471.19999999,Heating,70749586.87,Building Exterior/Facade/Window,48645817.71,95,197
RIIS II,302553248.04,523448.5260207613,MANHATTAN,578,NYCHA,-73.97545741855049,40.72274834626224,Apartments,104089928.2,Heating,59877087.88,Building Exterior/Facade/Window,43578166.27,96,75
SOUTH JAMAICA II,302448062.52,504080.10419999994,QUEENS,600,NYCHA,-73.79366280902151,40.69510348712089,Apartments,93408804.26,Heating,46819523.44,Building Exterior/Facade/Window,34965172.55,97,95
GRAVESEND,297589722.72,469384.4206940064,BROOKLYN,634,NYCHA,-73.99934329612375,40.578985401791144,Apartments,102092142.45,Building Exterior/Facade/Window,68014356.64,Plumbing,37106362.76,98,140
MCKINLEY,290131834.05,468710.555815832,BRONX,619,NYCHA,-73.904788982976,40.82230943432168,Apartments,122096505.72,Heating,56652556.56,Building Exterior/Facade/Window,42616067.62,99,142
SOUTH BEACH,283912772.9,672779.0827014217,STATEN ISLAND,422,NYCHA,-74.07929909965344,40.595344504638774,Apartments,73813919.58,Heating,43612131.94,Building Exterior/Facade/Window,42595726.61,100,10
LEHMAN VILLAGE,283759881.11,456205.5966398714,MANHATTAN,622,NYCHA,-73.94768690237821,40.79476253595282,Apartments,123473187.21,Heating,49611046.73,Building Exterior/Facade/Window,40157033.67,101,158
WEBSTER,280764124.75,463307.1365511551,BRONX,606,NYCHA,-73.90843143766234,40.83289818599414,Apartments,125139101.5,Heating,43200333.75,Building Exterior/Facade/Window,42786480.7,102,149
BERRY,271400852.29,536365.3207312253,STATEN ISLAND,506,NYCHA,-74.10199076108916,40.58718455935455,Apartments,92615035.92,Building Exterior/Facade/Window,37088923.55,Heating,26642354.02,103,58
TODT HILL,268985775.61,535828.2382669323,STATEN ISLAND,502,NYCHA,-74.11965276197077,40.60765847114476,Apartments,94076021.31,Building Exterior/Facade/Window,42286947.35,Heating,36243452.629999995,104,60
CAREY GARDENS,268930212.44,393748.4808784773,BROOKLYN,683,NYCHA,-73.9901631479738,40.57553261800583,Apartments,115996923.61,Heating,35367800.92,Building Exterior/Facade/Window,33668423.81,105,231
WEST BRIGHTON I,264073450.88,538925.4099591837,STATEN ISLAND,490,PACT,-74.11881621115238,40.635931537773246,Apartments,92344206.25,Heating,57237201.63,Building Exterior/Facade/Window,44286893.87,106,55
RICHMOND TERRACE,259315483.15,530297.5115541923,STATEN ISLAND,489,NYCHA,-74.0871552230542,40.64536432035687,Apartments,82549601.95,Heating,50989511.74,Building Exterior/Facade/Window,39897624.06,107,67
LOW HOUSES,257605258.87,480606.82625,BROOKLYN,536,NYCHA,-73.90473554113409,40.66953995568203,Apartments,108070895.78,Heating,42671175.36,Building Exterior/Facade/Window,32285028.62,108,124
ELLIOTT,255225394.20999998,419778.6088980263,MANHATTAN,608,NYCHA,-74.00185556587668,40.74929821102713,Apartments,110267161.64999999,Heating,43573337.71,Building Exterior/Facade/Window,37856027.9,109,203
SURFSIDE GARDENS,253031368.06000003,421718.9467666667,BROOKLYN,600,NYCHA,-73.99854454227528,40.575057456177426,Apartments,116160616.52000001,Heating,42997127.330000006,Building Exterior/Facade/Window,39115600.74,110,199
BORINQUEN PLAZA I,252317278.76000002,495711.7460903733,BROOKLYN,509,NYCHA,-73.9426682341723,40.70453889369029,Apartments,107122755.18,Heating,42267198.4,Building Exterior/Facade/Window,32235951.14,111,104
ISAACS,248154274.86,390179.6774528302,MANHATTAN,636,NYCHA,-73.94501981258762,40.78162594383385,Apartments,117377598.73,Heating,46713832.48,Building Exterior/Facade/Window,32201856.71,112,235
BORINQUEN PLAZA II,245559617.99,577787.3364470588,BROOKLYN,425,NYCHA,-73.94033853877606,40.7054275337682,Apartments,101263872.17,Heating,48725545.129999995,Building Exterior/Facade/Window,28836074.47,113,33
BOSTON SECOR,245330412.54,456004.4842750929,BRONX,538,PACT,-73.833363942224,40.88254501441467,Apartments,96499222.91,Heating,55733201.21,Building Exterior/Facade/Window,33958761.67,114,159
BLAND,244923111.98,612307.77995,QUEENS,400,NYCHA,-73.83285127583521,40.757964759565965,Apartments,71651822.5,Heating,41333113.17,Building Exterior/Facade/Window,34686923.61,115,20
O'DWYER GARDENS,241402345.32,421295.5415706806,BROOKLYN,573,NYCHA,-73.99936039313498,40.5737979683696,Apartments,105671111.5,Building Exterior/Facade/Window,31040459.21,Heating,30239427.080000002,116,200
CLASON POINT GARDENS,239746181.85999998,597870.7777057356,BRONX,401,NYCHA,-73.86937151425207,40.82102597559091,Apartments,65021212.55,Heating,44167353.68,Plumbing,35461356.589999996,117,26
OCEAN BAY APARTMENTS (OCEANSIDE),237465978.83,568100.4278229666,QUEENS,418,NYCHA,-73.78604146222038,40.59362864972277,Apartments,74357508.93,Building Exterior/Facade/Window,40880955.019999996,Heating,29710499.009999998,118,36
HUGHES APARTMENTS,236584942.21,461179.2245808967,BROOKLYN,513,NYCHA,-73.9084035484349,40.66795687923738,Apartments,97766184.74,Heating,52728207.04,Building Exterior/Facade/Window,32572983.05,119,153
SOUTH JAMAICA I,233973980.03,522263.34828125,QUEENS,448,NYCHA,-73.79473403727619,40.695861354518655,Apartments,64559318.36,Safety And Security,37636675.3,Heating,35642401.35,120,76
GLENMORE PLAZA,233537183.64000002,530766.3264545455,BROOKLYN,440,NYCHA,-73.90622685984567,40.67111501822775,Apartments,82443964.7,Heating,65536269.97,Building Exterior/Facade/Window,29624393.55,121,66
TAYLOR STREET-WYTHE AVENUE,231330488.06,440629.5010666667,BROOKLYN,525,NYCHA,-73.96491221980645,40.704263529673185,Apartments,86094268.24,Heating,39590593.6,Building Exterior/Facade/Window,30736223.52,122,179
CONEY ISLAND,230442159.34,431539.62423220975,BROOKLYN,534,NYCHA,-73.99635648757864,40.572232806964415,Apartments,105681811.57,Plumbing,30903383.38,Heating,29597449.01,123,188
UNITY PLAZA (SITES 4-27),216474608.99,468559.75971861475,BROOKLYN,462,NYCHA,-73.89759676694385,40.66671949174741,Apartments,91186801.83,Heating,32970729.240000002,Elevators,19023077.97,124,143
LEXINGTON,212552760.41,474448.12591517856,MANHATTAN,448,NYCHA,-73.94974331362822,40.787485080429335,Apartments,72326019.29,Heating,46858275.69,Plumbing,22101089.27,125,133
WYCKOFF GARDENS,208694971.35,394508.4524574669,BROOKLYN,529,NYCHA,-73.98382084449656,40.68255054009993,Apartments,100925582.13,Heating,38108620.08,Building Exterior/Facade/Window,25408656.75,126,229
BAISLEY PARK,203740183.47,527824.309507772,QUEENS,386,NYCHA,-73.78340415549754,40.685227024182296,Apartments,69658610.66,Heating,39468461.45,Building Exterior/Facade/Window,30443139.060000002,127,73
GOMPERS,201828650.26999998,425798.84023206745,MANHATTAN,474,NYCHA,-73.98192910118225,40.71821029077746,Apartments,93282897.28999999,Building Exterior/Facade/Window,25808505.349999998,Heating,25531106.28,128,195
HOLMES TOWERS,192635945.44,358726.1553817505,MANHATTAN,537,NYCHA,-73.9454157465946,40.78072003750385,Apartments,91594385.48,Heating,38285344.79,Building Exterior/Facade/Window,21963806.02,129,253
WILSON,189544324.6,476242.0216080402,MANHATTAN,398,NYCHA,-73.93913772620043,40.78877325690168,Apartments,84554280.17,Building Exterior/Facade/Window,29801503.82,Heating,28910486.48,130,130
MOORE,189315266.31,408888.2641684665,BRONX,463,NYCHA,-73.90999318895317,40.812876438287724,Apartments,85758479.44,Heating,32827643.799999997,Building Exterior/Facade/Window,24206191.66,131,217
SACK WERN,184344659.9,446355.10871670704,BRONX,413,PACT,-73.86638954985648,40.819787995922276,Apartments,85345454.39,Heating,29350790.28,Building Exterior/Facade/Window,16481263.42,132,172
CHELSEA,178933772.41,421020.64096470585,MANHATTAN,425,NYCHA,-74.00122984530138,40.74855575636463,Apartments,80084374.41,Heating,30359568.81,Building Exterior/Facade/Window,18336507.150000002,133,201
WSUR (BROWNSTONES),177534292.71,752263.952161017,MANHATTAN,236,NYCHA,-73.96906166563502,40.78944588601648,Building Exterior/Facade/Window,55481272.25,Apartments,38015775.449999996,Heating,25993456,134,6
SEWARD PARK EXTENSION,176625033.95000002,490625.0943055556,MANHATTAN,360,NYCHA,-73.98687639074454,40.71696474102268,Apartments,70797450.93,Heating,37293034.44,Building Exterior/Facade/Window,23873819.62,135,110
ALBANY II,172910876.06,432277.19015,BROOKLYN,400,NYCHA,-73.93750640968584,40.6748692272802,Apartments,64037258.93,Plumbing,23584489.34,Heating,22105584.05,136,187
LATIMER GARDENS,171950642.35999998,406502.7006146572,QUEENS,423,NYCHA,-73.83040320986048,40.76585079079781,Apartments,77368127.82,Heating,30201602.1,Building Exterior/Facade/Window,24012016.27,137,219
GARVEY (GROUP A),169517970.6,528093.3663551401,BROOKLYN,321,NYCHA,-73.91522312217847,40.66992698659604,Apartments,64179546.230000004,Heating,33176229.46,Building Exterior/Facade/Window,14630782.59,138,71
ROOSEVELT II,166943584.38,488139.13561403507,BROOKLYN,342,NYCHA,-73.93558593814379,40.694340438420184,Apartments,64981640.76,Heating,33523425.55,Building Exterior/Facade/Window,21864160.8,139,113
STUYVESANT GARDENS I,166438348.07,502834.888429003,BROOKLYN,331,PACT,-73.93316608174597,40.68826033683755,Apartments,69691340.41,Heating,26652415.14,Building Exterior/Facade/Window,21699946.38,140,98
WOODSON,163542238.17000002,401823.68100737105,BROOKLYN,407,NYCHA,-73.90225663102186,40.66474872575487,Apartments,65642203.17,Heating,48689970.34,Building Exterior/Facade/Window,14522387.77,141,224
HARBORVIEW TERRACE,163262894.11,433058.0745623343,MANHATTAN,377,NYCHA,-73.99082557129933,40.76851800559581,Apartments,62295366.26,Heating,41582706.53,Grounds,10486566.51,142,185
FORT INDEPENDENCE STREET-HEATH AVENUE,146635781.98,426266.80808139534,BRONX,344,PACT,-73.90019069529161,40.87955222502722,Apartments,63951754.58,Heating,35428382.72,Building Exterior/Facade/Window,10586590.7,143,194
CONEY ISLAND I (SITES 4 & 5),146267384.4,389009.0010638298,BROOKLYN,376,NYCHA,-73.99316607240405,40.57482500324991,Apartments,77553525.3,Building Exterior/Facade/Window,16482029.379999999,Heating,16125858.9,144,237
VLADECK II,146036372.1,608484.8837499999,MANHATTAN,240,NYCHA,-73.98026051940742,40.71294470211845,Apartments,39275680.29,Heating,25026705.33,Building Exterior/Facade/Window,21631265.3,145,23
HABER,137671424.36,362293.222,BROOKLYN,380,NYCHA,-73.99104977943715,40.57266473961158,Apartments,62962586.18,Building Exterior/Facade/Window,19489124.61,Heating,13534657.5,146,251
UNIVERSITY AVENUE REHAB,136941621.92,595398.356173913,BRONX,230,PACT,-73.91351219482235,40.85290877467506,Apartments,43005580.5,Heating,23826105.34,Plumbing,18354005.5,147,28
CASSIDY-LAFAYETTE,136183758.9,358378.3128947369,STATEN ISLAND,380,NYCHA,-74.09658126423194,40.642418463860665,Apartments,62318699.6,Building Exterior/Facade/Window,18112766.46,Heating,14888300.09,148,254
THROGGS NECK ADDITION,134151406.99,467426.5051916376,BRONX,287,NYCHA,-73.82588963272548,40.821903438692104,Apartments,54255881.92,Heating,16073419.25,Grounds,13541032.23,149,144
METRO NORTH PLAZA,130216964.19,473516.23341818183,MANHATTAN,275,PACT,-73.94316201008868,40.787200482003186,Apartments,56167922.76,Building Exterior/Facade/Window,17647156.529999997,Heating,17567502.16,150,135
STRAUS,129844997.17999999,486310.8508614232,MANHATTAN,267,NYCHA,-73.97964484343758,40.74103401877217,Apartments,42186190.61,Heating,40542228.54,Building Exterior/Facade/Window,15938570.69,151,117
OCEAN HILL APARTMENTS,123652159.52,519546.8887394958,BROOKLYN,238,PACT,-73.90836778820434,40.68103593648862,Apartments,45613374.239999995,Heating,23408756.12,Building Exterior/Facade/Window,17659616.41,152,79
CAMPOS PLAZA II,122589347.49,547273.8727232142,MANHATTAN,224,NYCHA,-73.97720814037662,40.72855327279297,Apartments,45296591.63,Heating,33982528.5,Elevators,10243195.83,153,51
VANDALIA AVENUE,121597040.5,415006.96416382253,BROOKLYN,293,NYCHA,-73.88708594107759,40.65013979891705,Apartments,52084687.87,Heating,21412404.47,Building Exterior/Facade/Window,13477058.07,154,211
RANDALL AVENUE-BALCOM AVENUE,121179880.17,480872.54035714286,BRONX,252,NYCHA,-73.82812873639327,40.82208397026655,Apartments,40617352.54,Heating,22122996.110000003,Plumbing,13366725.32,155,123
EAST 180TH STREET-MONTEREY AVENUE,115671549.45,483981.37845188286,BRONX,239,PACT,-73.89258854066784,40.850574424598285,Apartments,46734591.95,Heating,18573564.58,Building Exterior/Facade/Window,10536693.72,156,119
BAILEY AVENUE-WEST 193RD STREET,114413039.18,491043.0866094421,BRONX,233,PACT,-73.90669849362843,40.86995174180953,Apartments,41480584.84,Heating,24136880.63,Grounds,17255907.64,157,108
ATLANTIC TERMINAL SITE 4B,108392419.82,361308.0660666666,BROOKLYN,300,NYCHA,-73.97016322911979,40.68293988834554,Apartments,55198611.61,Heating,22055537.709999997,Common Areas/Lobbies,9348532.629999999,158,252
HOWARD AVENUE-PARK PLACE,104896357.09,672412.545448718,BROOKLYN,156,PACT,-73.92037688722962,40.67055736961064,Apartments,38185729.72,Heating,26037420.39,Roofs,19374049.46,159,11
WEST FARMS ROAD REHAB,101261045.63,486831.95014423074,BRONX,208,NYCHA,-73.88856183659368,40.82791133375608,Apartments,38539400.68,Building Exterior/Facade/Window,20650770.68,Elevators,10243195.83,160,116
NEW LANE AREA,98171966.64,354411.4319133574,STATEN ISLAND,277,NYCHA,-74.06154512016917,40.61303613905032,Apartments,44273424.61,Heating,28591326.41,Common Areas/Lobbies,7002374.56,161,255
TWO BRIDGES URA (SITE 7),97557014.76,390228.05904,MANHATTAN,250,NYCHA,-73.9862148881219,40.71089054292451,Apartments,47140456.97,Heating,12736588.99,Building Exterior/Facade/Window,10930625.17,162,234
LONG ISLAND BAPTIST HOUSES,97162569.45,418804.17866379314,BROOKLYN,232,NYCHA,-73.89730197951128,40.667462769335046,Apartments,41146031.98,Building Exterior/Facade/Window,9265429.37,Elevators,8779882.14,163,206
1010 EAST 178TH STREET,96543013.57,438831.87986363634,BRONX,220,PACT,-73.8802983953023,40.84080438983886,Apartments,39137198.949999996,Heating,22583004.19,Building Exterior/Facade/Window,9490041.38,164,181
WHITE,94669795.17,381733.0450403226,MANHATTAN,248,PACT,-73.94395223054508,40.78981885352061,Apartments,37429589.2,Heating,25587165.3,Building Exterior/Facade/Window,10283973.399999999,165,239
MORRISANIA,94555452.99000001,459007.0533495146,BRONX,206,NYCHA,-73.9066648545994,40.83285518514322,Apartments,40778190.910000004,Building Exterior/Facade/Window,16319537.33,Heating,12212230.879999999,166,156
LOWER EAST SIDE I INFILL,93188841.38,493062.6528042328,MANHATTAN,189,NYCHA,-73.99043966305776,40.72132150138263,Apartments,34202123.07,Building Exterior/Facade/Window,18597975.92,Heating,9695497.4,167,106
HUNTS POINT AVENUE REHAB,91231032.47,696420.0951908397,BRONX,131,NYCHA,-73.88903882856418,40.81797475440879,Building Exterior/Facade/Window,29853447.54,Apartments,28602022.84,Heating,7022647.13,168,7
303 VERNON AVENUE,91191476.71,389707.1654273504,BROOKLYN,234,NYCHA,-73.93952626619424,40.69611982090803,Apartments,38139159.91,Heating,16563972.09,Building Exterior/Facade/Window,12729543.110000001,169,236
EAST 173RD STREET-VYSE AVENUE,91008457.75999999,541717.0104761904,BRONX,168,NYCHA,-73.88838415946105,40.833900912832725,Apartments,34121821.519999996,Building Exterior/Facade/Window,21429257.61,Heating,11892964.72,170,53
DE HOSTOS APARTMENTS,90818768.73,407259.05260089686,MANHATTAN,223,NYCHA,-73.97211215958085,40.79258840435921,Apartments,43206313.34,Heating,15946920.14,Building Exterior/Facade/Window,11162091.26,171,218
LOWER EAST SIDE II,90740026.16,482659.7136170213,MANHATTAN,188,NYCHA,-73.97933231692355,40.72297553740747,Apartments,38716878.36,Heating,19342876.88,Roofs,9201317.6,172,121
HYLAN,89518353.71000001,428317.48186602874,BROOKLYN,209,NYCHA,-73.94005806500613,40.704342030526014,Apartments,40783196.81,Heating,14907643.41,Building Exterior/Facade/Window,12242793.14,173,191
REHAB PROGRAM (TAFT REHABS),89172374.74,571617.7867948718,MANHATTAN,156,NYCHA,-73.95214826969175,40.80323918456921,Apartments,30226396.56,Building Exterior/Facade/Window,18316588.15,Heating,7668821.98,174,35
TAPSCOTT STREET REHAB,87320981.5,563361.170967742,BROOKLYN,155,PACT,-73.91966211411152,40.663476488435606,Apartments,30593286.23,Building Exterior/Facade/Window,24384485.28,Interior Electrical/Lighting,8106804.069999999,175,40
EAST 152ND STREET-COURTLANDT AVENUE,87239612.36,394749.37719457014,BRONX,221,NYCHA,-73.9177490994833,40.81854289942233,Apartments,40264161.78,Heating,22893779.48,Elevators,5929802.7,176,228
BOSTON ROAD PLAZA,86301458.38,367240.2484255319,BRONX,235,PACT,-73.86594810486022,40.86200918934436,Apartments,35966928.26,Heating,24138436.259999998,Common Areas/Lobbies,7118131.92,177,244
CLAREMONT PARKWAY-FRANKLIN AVENUE,85212624.41,453258.6404787234,BRONX,188,PACT,-73.90124088868238,40.83582942111569,Apartments,33762731.26,Building Exterior/Facade/Window,11720719.82,Heating,9669806.42,178,166
ROBINSON,83941300.49,444133.865026455,MANHATTAN,189,NYCHA,-73.9364252880991,40.80687916951789,Apartments,37182894.33,Building Exterior/Facade/Window,9539958.55,Heating,6917369.58,179,175
REID APARTMENTS,83892440.45,364749.7410869565,BROOKLYN,230,PACT,-73.93836888868523,40.66199714457491,Apartments,37682954.54,Heating,16389554.18,Common Areas/Lobbies,7146187.02,180,248
CONEY ISLAND I (SITE 1B),83490335.17999999,432592.4102590673,BROOKLYN,193,NYCHA,-73.98726861108067,40.57543774115343,Apartments,40150348.129999995,Building Exterior/Facade/Window,10858577.93,Heating,9410149.11,181,186
CORSI HOUSES,83343654.36,487389.7915789474,MANHATTAN,171,NYCHA,-73.93690884188307,40.79711119706175,Apartments,28934295.62,Heating,24254240.35,Common Areas/Lobbies,6985721.54,182,114
TWIN PARKS EAST (SITE 9),82286596.11,375737.8817808219,BRONX,219,PACT,-73.88759336165268,40.8469992823987,Apartments,37883699.5,Heating,15914630.93,Building Exterior/Facade/Window,6099957.12,183,242
"UNITY PLAZA (SITES 17,24,25A)",81302191.55,486839.4703592814,BROOKLYN,167,NYCHA,-73.8967808728928,40.66824831473703,Apartments,36442853.49,Heating,11925800.74,Common Areas/Lobbies,5350084.55,184,115
AMSTERDAM ADDITION,81126434.44,463579.62537142856,MANHATTAN,175,NYCHA,-73.98700423678014,40.774669244128745,Apartments,34055744.92,Heating,12987742.06,Common Areas/Lobbies,9210612.34,185,148
SUTTER AVENUE-UNION STREET,80890471.39,808904.7139,BROOKLYN,100,PACT,-73.92136627601444,40.666039608648305,Apartments,18433014.700000003,Plumbing,14112801.26,Heating,12721106.700000001,186,4
MELTZER TOWER,80174253.28,347074.68952380953,MANHATTAN,231,NYCHA,-73.98717582085102,40.72311395949182,Apartments,26776579.16,Heating,23722513.57,Building Exterior/Facade/Window,10205332.15,187,256
HARRISON AVENUE REHAB (GROUP B),78276940.65,521846.27100000007,BRONX,150,PACT,-73.9108434380735,40.853365792176604,Apartments,29067444.810000002,Building Exterior/Facade/Window,16709296.940000001,Heating,7351835.95,188,77
BROWN,76484381.27,382421.90635,BROOKLYN,200,NYCHA,-73.9131462864392,40.67281070509996,Apartments,32476177.84,Heating,14695679.67,Building Exterior/Facade/Window,8471239.7,189,238
DAVIDSON,76404800.14,436598.85794285714,BRONX,175,PACT,-73.89921315583372,40.827378731846856,Apartments,34655164.36,Heating,8139688.01,Common Areas/Lobbies,6001272.52,190,183
CLAREMONT REHAB (GROUP 4),75892122.36,505947.4824,BRONX,150,NYCHA,-73.91237015473051,40.83091046591083,Apartments,30859234.75,Building Exterior/Facade/Window,14690280.31,Heating,7256099.69,191,93
830 AMSTERDAM AVENUE,75856543.08,477085.17660377355,MANHATTAN,159,NYCHA,-73.96872942083024,40.79706266685387,Apartments,31449528.61,Heating,17160192.95,Building Exterior/Facade/Window,8642058.35,192,129
FIRST HOUSES,74263786.13,589395.128015873,MANHATTAN,126,NYCHA,-73.98618479072628,40.72374286309382,Apartments,20028873.009999998,Building Exterior/Facade/Window,10401749,Heating,9874045.94,193,30
WEST BRIGHTON II,73681459.3,511676.80069444445,STATEN ISLAND,144,PACT,-74.11892882488611,40.6349352220363,Building Exterior/Facade/Window,19587659.08,Apartments,16942251.12,Heating,15195164.04,194,89
CLAREMONT REHAB (GROUP 5),72468519.64,536803.8491851852,BRONX,135,NYCHA,-73.91380090220724,40.831094458569424,Apartments,26201645.07,Roofs,11407893.15,Building Exterior/Facade/Window,11267369.87,195,57
KINGSBOROUGH EXTENSION,72432878.59,393656.9488586957,BROOKLYN,184,NYCHA,-73.9243136713473,40.675093491582764,Apartments,29253328.91,Heating,18467303.28,Building Exterior/Facade/Window,8181051.8100000005,196,232
CARLETON MANOR,72006810.1,413832.24195402296,QUEENS,174,NYCHA,-73.79994876418915,40.59119179478898,Apartments,31670383.59,Building Exterior/Facade/Window,8113348.66,Heating,8010207.15,197,212
CONLON LIHFE TOWER,71920935.67,332967.29476851854,QUEENS,216,NYCHA,-73.78844497608146,40.70625720903213,Apartments,34530399.87,Heating,15362770.610000001,Building Exterior/Facade/Window,5426145.85,198,262
WSUR (SITE B) 74 WEST 92ND STREET,71784483.74,427288.59369047615,MANHATTAN,168,NYCHA,-73.96926687984713,40.78984411445021,Apartments,31990055.91,Heating,11867160.25,Building Exterior/Facade/Window,6829008.91,199,193
UNION AVENUE-EAST 166TH STREET,71735675.94,597797.2995,BRONX,120,PACT,-73.8995712519037,40.82649051461498,Apartments,26485550.56,Roofs,11479799.71,Heating,8783232.11,200,27
SOUTH BRONX AREA (SITE 402),69756215.76,611896.6294736842,BRONX,114,PACT,-73.90830934731221,40.82115842305619,Apartments,28076576.83,Roofs,13473521.35,Heating,8018193.33,201,22
PARK ROCK REHAB,68959689.4,514624.54776119406,BROOKLYN,134,PACT,-73.92847375694794,40.67168217119724,Apartments,28353846.22,Building Exterior/Facade/Window,7263551.79,Interior Electrical/Lighting,7157508.29,202,86
EAST 165TH STREET-BRYANT AVENUE,68542719.23,617501.9750450451,BRONX,111,NYCHA,-73.88887686442743,40.82498013740416,Apartments,22067532.03,Building Exterior/Facade/Window,17231419.669999998,Heating,7064809.600000001,203,18
UNION AVENUE-EAST 163RD STREET,67414111.57,337070.55785,BRONX,200,PACT,-73.90125013951258,40.82326939389279,Apartments,32816420.54,Heating,14513478.43,Common Areas/Lobbies,4222524.61,204,261
BARUCH HOUSES ADDITION,66743031.28,338797.11309644673,MANHATTAN,197,NYCHA,-73.97918006378461,40.7170740259241,Apartments,28300882.75,Heating,13985647.66,Building Exterior/Facade/Window,7051660.85,205,259
STUYVESANT GARDENS II,66531462.82,443543.0854666667,BROOKLYN,150,PACT,-73.93068928635293,40.68829742145951,Apartments,23833846.15,Heating,19278274.16,Building Exterior/Facade/Window,6025644.85,206,176
WSUR (SITE C) 589 AMSTERDAM AVENUE,66311919.08,419695.69037974684,MANHATTAN,158,NYCHA,-73.97349114153666,40.789132574901366,Apartments,31788619.18,Building Exterior/Facade/Window,9693687.52,Heating,7348975.46,207,204
BRONX RIVER ADDITION,66144894.62,292676.52486725664,BRONX,226,NYCHA,-73.87644220150686,40.83353565814369,Apartments,34818208.54,Heating,6545938.65,Elevators,5853254.76,208,264
CROWN HEIGHTS,65393555.49,540442.6073553719,BROOKLYN,121,PACT,-73.92344304755157,40.67216704428527,Apartments,26244836.79,Building Exterior/Facade/Window,7672749.47,Heating,7551995.11,209,54
RALPH AVENUE REHAB,65377980.92,554050.6857627119,BROOKLYN,118,PACT,-73.92302477639345,40.66623247513473,Apartments,23960659.41,Building Exterior/Facade/Window,11691143.06,Interior Electrical/Lighting,6146681.55,210,47
DOUGLASS ADDITION,64670714.94,479042.3328888889,MANHATTAN,135,NYCHA,-73.96769878781572,40.79835904006171,Apartments,30384625.88,Heating,8474226.870000001,Building Exterior/Facade/Window,8012046.350000001,211,128
UPACA (SITE 5),64638485.21,323192.42605,MANHATTAN,200,NYCHA,-73.94013449769503,40.80176694815584,Apartments,33577590.46,Heating,7558736,Common Areas/Lobbies,4580054.18,212,263
HOWARD AVENUE,62290544.98,415270.29986666667,BROOKLYN,150,PACT,-73.91990207399564,40.667486241249996,Apartments,29552703.2,Roofs,7240529.81,Heating,6637285.92,213,210
STERLING PLACE REHABS (STERLING-BUFFALO),61985511.67,495884.09336,BROOKLYN,125,PACT,-73.92697814427768,40.671098066031654,Apartments,27345071.66,Heating,8167770.08,Building Exterior/Facade/Window,7334261.13,214,102
STEBBINS AVENUE-HEWITT PLACE,61970352.949999996,516419.6079166666,BRONX,120,PACT,-73.89937472788795,40.81943748897346,Apartments,23721968.77,Building Exterior/Facade/Window,9119319.459999999,Heating,8495862.43,215,82
EAST NEW YORK CITY LINE,61546464.43,932522.1883333334,BROOKLYN,66,NYCHA,-73.87366492547766,40.66842473966557,Apartments,11885779.45,Heating,11435828.99,Roofs,10570883.44,216,1
CLAREMONT REHAB (GROUP 2),61485199.93,574628.036728972,BRONX,107,NYCHA,-73.91103848965604,40.83174017699365,Apartments,24457646.25,Building Exterior/Facade/Window,7211759.94,Heating,6493533.89,217,34
HERNANDEZ,61316836.17,411522.39040268457,MANHATTAN,149,NYCHA,-73.98949054387812,40.72223991604535,Apartments,26349563.41,Building Exterior/Facade/Window,11274457.84,Heating,7231415.090000001,218,216
REHAB PROGRAM (DOUGLASS REHABS),61002254.64,544662.9878571428,MANHATTAN,112,NYCHA,-73.96927066564491,40.79931839865625,Apartments,19066343.17,Building Exterior/Facade/Window,14758075.29,Interior Electrical/Lighting,5439001.1899999995,219,52
MIDDLETOWN PLAZA,60424934.38999999,337569.46586592175,BRONX,179,PACT,-73.82913651640095,40.844736591133156,Apartments,30124306.439999998,Heating,8557202.29,Common Areas/Lobbies,4994636.46,220,260
LA GUARDIA ADDITION,59336760.25,395578.4016666667,MANHATTAN,150,NYCHA,-73.98858782080369,40.71166364186317,Apartments,22500991.7,Heating,15488800.48,Building Exterior/Facade/Window,7715064.41,221,227
WEST TREMONT AVENUE-SEDGWICK AVENUE AREA,58924456.59,398138.22020270274,BRONX,148,NYCHA,-73.91821943639148,40.85247671136953,Apartments,24329025.3,Heating,16006227.48,Building Exterior/Facade/Window,5555464.61,222,225
CLAREMONT REHAB (GROUP 3),58912656.78,512283.972,BRONX,115,NYCHA,-73.91316226490498,40.82966386992837,Apartments,23666278.900000002,Building Exterior/Facade/Window,10233783.780000001,Heating,5521801.100000001,223,88
INTERNATIONAL TOWER,58145941.79,365697.74710691825,QUEENS,159,NYCHA,-73.79066457249068,40.70812852444853,Apartments,23079160.79,Heating,11161196.42,Common Areas/Lobbies,7426334.05,224,246
BEDFORD-STUYVESANT REHAB,57540270.26,676944.356,BROOKLYN,85,PACT,-73.9420953060718,40.69470869952234,Apartments,18838294.41,Building Exterior/Facade/Window,14746073.629999999,Heating,5579524.56,225,9
SHELTON HOUSE,56907239.15,367143.4783870968,QUEENS,155,NYCHA,-73.79866929307818,40.70651961378867,Apartments,26854389.22,Heating,10940454.680000002,Building Exterior/Facade/Window,3996464.9299999997,226,245
SARATOGA VILLAGE,56845015.309999995,454760.12247999996,BROOKLYN,125,PACT,-73.91713094435993,40.68591094769234,Apartments,24843458.939999998,Heating,8866544.67,Building Exterior/Facade/Window,8138742.8,227,163
45 ALLEN STREET,56812480.449999996,530957.7612149533,MANHATTAN,107,NYCHA,-73.99226838592118,40.71672746345973,Apartments,23220023.99,Building Exterior/Facade/Window,10182053.1,Heating,7521714.1,228,65
STERLING PLACE REHABS (SAINT JOHNS-STERLING),56275060.51,678012.7772289156,BROOKLYN,83,PACT,-73.92837942255915,40.67096019812813,Apartments,16181915.79,Building Exterior/Facade/Window,12074293.309999999,Roofs,10949010.49,229,8
OCEAN HILL-BROWNSVILLE,55817461.2,446539.68960000004,BROOKLYN,125,PACT,-73.91963432383946,40.67612428491415,Apartments,24736034.62,Building Exterior/Facade/Window,7095417.85,Heating,5926098.7,230,171
MILL BROOK EXTENSION,54874764.07,438998.11256,BRONX,125,NYCHA,-73.91597341130267,40.80412408930723,Apartments,24921391.52,Heating,8821614.69,Building Exterior/Facade/Window,8376488.59,231,180
UPACA (SITE 6),54631268.51,364208.4567333333,MANHATTAN,150,NYCHA,-73.94047106332981,40.80115296935891,Apartments,24369360.189999998,Heating,7105897.79,Building Exterior/Facade/Window,6440779.26,232,250
CONEY ISLAND I (SITE 8),53512938.87,428103.51096,BROOKLYN,125,NYCHA,-74.00092555430413,40.57354415600325,Apartments,26142795.53,Building Exterior/Facade/Window,7279996.39,Heating,4848044.52,233,192
ROBBINS PLAZA,51663429.26,344422.8617333333,MANHATTAN,150,NYCHA,-73.95716137523588,40.7668356732975,Apartments,23117002.73,Heating,7346739.510000001,Building Exterior/Facade/Window,6877931.67,234,257
GLEBE AVENUE-WESTCHESTER AVENUE,49875110.63,377841.7471969697,BRONX,132,NYCHA,-73.85095300965756,40.835063380840374,Apartments,22906959.27,Heating,6570482.16,Grounds,5060404.73,235,241
BRACETTI PLAZA,49851906.11,461591.7232407407,MANHATTAN,108,NYCHA,-73.98102343466701,40.722233535513055,Apartments,22095192.56,Elevators,5853254.76,Heating,5178177.140000001,236,152
CHELSEA ADDITION,47501322.83,494805.4461458333,MANHATTAN,96,NYCHA,-74.00146948597593,40.74965178710568,Apartments,15755943.04,Heating,6825470.66,Common Areas/Lobbies,6253833.4,237,105
LONGFELLOW AVENUE REHAB,45612400.54,608165.3405333334,BRONX,75,NYCHA,-73.88777473747443,40.826329607526155,Apartments,18743406.28,Building Exterior/Facade/Window,10479795.450000001,Heating,3866903.2800000003,238,24
131 SAINT NICHOLAS AVENUE,45575012.05,455750.12049999996,MANHATTAN,100,NYCHA,-73.9532459116703,40.80412147475257,Apartments,17805837.97,Heating,6992509.6,Building Exterior/Facade/Window,6613462.47,239,161
VAN DYKE II,41896229.980000004,374073.4819642858,BROOKLYN,112,NYCHA,-73.90316825214884,40.66454675204646,Apartments,18988996.060000002,Building Exterior/Facade/Window,5446417.93,Heating,4267330.11,240,243
1471 WATSON AVENUE,41387387.04,431118.615,BRONX,96,NYCHA,-73.8810810026982,40.82614455901089,Apartments,18993225.02,Heating,6255598.82,Building Exterior/Facade/Window,4059665.14,241,189
TELLER AVENUE-EAST 166TH STREET,40910166.410000004,454557.4045555556,BRONX,90,NYCHA,-73.91261202053376,40.830040152878354,Apartments,18047291.84,Heating,6403179.49,Building Exterior/Facade/Window,4555957.45,242,164
BOYNTON AVENUE REHAB,39286675.95,479105.80426829273,BRONX,82,NYCHA,-73.87754179394922,40.82566010514649,Apartments,17837312.12,Building Exterior/Facade/Window,6910272.14,Heating,3828909.3600000003,243,127
MORRIS PARK SENIOR CITIZENS HOME,39008763.81,402152.20422680414,MANHATTAN,97,NYCHA,-73.94159301481884,40.8055059110103,Apartments,14459171.07,Interior Electrical/Lighting,5921464.65,Heating,4537517.25,244,222
LENOX ROAD-ROCKAWAY PARKWAY,38432788.96,519362.012972973,BROOKLYN,74,PACT,-73.91818313401205,40.6594280587601,Apartments,15521625.86,Heating,6290335.55,Building Exterior/Facade/Window,4052011.6900000004,245,80
THOMAS APARTMENTS,37009334.410000004,425394.64839080465,MANHATTAN,87,NYCHA,-73.97043988661802,40.78971318599749,Apartments,13925681.32,Heating,10538943.32,Building Exterior/Facade/Window,4194725.37,246,196
WSUR (SITE A) 120 WEST 94TH STREET,36805844.08,525797.7725714286,MANHATTAN,70,NYCHA,-73.96982807915168,40.791877291771264,Apartments,13136342.61,Heating,8380862.03,Building Exterior/Facade/Window,4892984.64,247,74
LOWER EAST SIDE III,34659195.1,618914.1982142858,MANHATTAN,56,NYCHA,-73.97685024262933,40.72444576756676,Apartments,12393058.64,Building Exterior/Facade/Window,9832315.18,Roofs,2883767.72,248,17
COLLEGE AVENUE-EAST 165TH STREET,32389982.66,340947.18589473685,BRONX,95,NYCHA,-73.91510912505663,40.82927285272258,Apartments,14874348.19,Heating,4547710.13,Elevators,2926627.38,249,258
FENIMORE-LEFFERTS,32104109.86,891780.8294444444,BROOKLYN,36,PACT,-73.94222179643974,40.66029369227117,Apartments,7309961.34,Heating,5795723.44,Building Exterior/Facade/Window,5360312.47,250,2
HOE AVENUE-EAST 173RD STREET,31778937.119999997,488906.72492307686,BRONX,65,NYCHA,-73.88696535230363,40.836300285476476,Apartments,12155099.12,Heating,7098834.84,Common Areas/Lobbies,2559475.95,251,111
1162-1176 WASHINGTON AVENUE,31707535.599999998,480417.20606060605,BRONX,66,NYCHA,-73.90726055910162,40.82997756411406,Apartments,13919967.6,Heating,7730771,Common Areas/Lobbies,2226295.37,252,125
LEAVITT STREET-34TH AVENUE,31646187.39,381279.3661445783,QUEENS,83,NYCHA,-73.82869238648985,40.766924753763654,Apartments,13123695.98,Heating,3998161.58,Building Exterior/Facade/Window,3854396.1500000004,253,240
BRYANT AVENUE-EAST 174TH STREET,30298878.27,420817.75375,BRONX,72,NYCHA,-73.88574457454784,40.835942401708586,Apartments,13144699.15,Building Exterior/Facade/Window,4136405.86,Heating,3452118.09,254,202
EAGLE AVENUE-EAST 163RD STREET,28322837.78,429133.90575757576,BRONX,66,PACT,-73.9083965818727,40.82301621106883,Apartments,12468946.55,Building Exterior/Facade/Window,4279326.2700000005,Heating,3112832.64,255,190
LOWER EAST SIDE REHAB (GROUP 5),28138309.09,511605.6198181818,MANHATTAN,55,NYCHA,-73.9794173844669,40.72387752176245,Apartments,11034522.85,Building Exterior/Facade/Window,4095975.81,Elevators,2427840.5,256,90
RUTLAND TOWERS,24702713.68,404962.5193442623,BROOKLYN,61,PACT,-73.92817127927871,40.661877943406694,Apartments,10943200.58,Heating,2880270.1300000004,Building Exterior/Facade/Window,2276767.7399999998,257,221
REHAB PROGRAM (WISE REHAB),21125588.37,528139.7092500001,MANHATTAN,40,NYCHA,-73.96743102553515,40.79087572908127,Apartments,7670124.65,Building Exterior/Facade/Window,3913386.78,Heating,2823875.97,258,70
104-14 TAPSCOTT STREET,18442408.86,614746.9619999999,BROOKLYN,30,PACT,-73.92060147570513,40.665095133870736,Apartments,6090701.32,Building Exterior/Facade/Window,2779412.8,Roofs,2738952.2,259,19
154 WEST 84TH STREET,18152327.43,518637.92657142854,MANHATTAN,35,NYCHA,-73.97534255996842,40.78586101340948,Apartments,6745517.07,Building Exterior/Facade/Window,3462557.19,Heating,1877380.81,260,81
HARRISON AVENUE REHAB (GROUP A),17527512.93,515515.08617647056,BRONX,34,PACT,-73.91036945869368,40.85351783494066,Apartments,6493110.32,Building Exterior/Facade/Window,3850311.88,Heating,1615831.06,261,83
STANTON STREET,11481523.96,883194.1507692308,MANHATTAN,13,NYCHA,-73.98357684980472,40.7197477794711,Building Exterior/Facade/Window,3261654.35,Apartments,2867514.61,Elevators,1463313.69,262,3
WEST FARMS SQUARE CONVENTIONAL,11078487.89,553924.3945,BRONX,20,NYCHA,-73.88825338224744,40.82751586395583,Apartments,3856840.86,Building Exterior/Facade/Window,3525665.38,Heating,930250.06,263,48
REHAB PROGRAM (COLLEGE POINT),10431094.370000001,802391.8746153847,QUEENS,13,NYCHA,-73.84301347843896,40.78043869262299,Apartments,2268492.99,Plumbing,1696857.16,Building Exterior/Facade/Window,1638502.24,264,5
